county,precinct,office,district,party,candidate,votes,early_voting,election_day,absentee
Leslie,A101 Beechfork,,,,Registered Voters,288,288,288,288
Leslie,A101 Beechfork,STRAIGHT PARTY,,REP,Republican Party,97,9,82,6
Leslie,A101 Beechfork,STRAIGHT PARTY,,DEM,Democratic Party,5,0,5,0
Leslie,A101 Beechfork,STRAIGHT PARTY,,KY,Kentucky Party,1,0,1,0
Leslie,A101 Beechfork,STRAIGHT PARTY,,LIB,Libertarian Party,0,0,0,0
Leslie,A101 Beechfork,STRAIGHT PARTY,,,"Contest Totals ",183,14,154,15
Leslie,A101 Beechfork,President,,REP,Donald J. TRUMP / JD VANCE,169,14,143,12
Leslie,A101 Beechfork,President,,DEM,Kamala D. HARRIS / Tim WALZ,12,0,10,2
Leslie,A101 Beechfork,President,,KY,Jill  STEIN / Samson KPADENOU,0,0,0,0
Leslie,A101 Beechfork,President,,IND,Robert F. KENNEDY JR. / Nicole SHANAHAN,2,0,1,1
Leslie,A101 Beechfork,President,,IND,Shiva AYYADURAI / Crystal ELLIS,0,0,0,0
Leslie,A101 Beechfork,President,,LIB,Chase OLIVER / Mike TER MAAT,0,0,0,0
Leslie,A101 Beechfork,President,,,"Write-In Totals ",0,0,0,0
Leslie,A101 Beechfork,President,,,"Contest Totals ",183,14,154,15
Leslie,A101 Beechfork,U.S. House,5,REP,Hal ROGERS,170,14,141,15
Leslie,A101 Beechfork,U.S. House,5,,"Write-In Totals ",1,0,1,0
Leslie,A101 Beechfork,U.S. House,5,,"Contest Totals ",183,14,154,15
Leslie,A101 Beechfork,State House,90,REP,Derek LEWIS,169,14,140,15
Leslie,A101 Beechfork,State House,90,,"Write-In Totals ",1,0,1,0
Leslie,A101 Beechfork,State House,90,,"Contest Totals ",183,14,154,15
Leslie,A101 Beechfork,Commonwealth's Attorney,41,REP,Haley Jo FIELDS,153,13,130,10
Leslie,A101 Beechfork,Commonwealth's Attorney,41,DEM,Jake ROBERTS,18,0,13,5
Leslie,A101 Beechfork,Commonwealth's Attorney,41,,"Write-In Totals ",0,0,0,0
Leslie,A101 Beechfork,Commonwealth's Attorney,41,,"Contest Totals ",183,14,154,15
Leslie,A101 Beechfork,CIRCUIT COURT CLERK,Leslie County,REP,Carmolitta MORGAN-PACE,176,14,147,15
Leslie,A101 Beechfork,CIRCUIT COURT CLERK,Leslie County,,"Write-In Totals ",0,0,0,0
Leslie,A101 Beechfork,CIRCUIT COURT CLERK,Leslie County,,"Contest Totals ",183,14,154,15
Leslie,A101 Beechfork,MEMBER OF BOARD OF EDUCATION,District 4,,"Jonathan SMITH ",110,9,92,9
Leslie,A101 Beechfork,MEMBER OF BOARD OF EDUCATION,District 4,,"Pat BAKER ",34,1,29,4
Leslie,A101 Beechfork,MEMBER OF BOARD OF EDUCATION,District 4,,"Write-In Totals ",1,0,1,0
Leslie,A101 Beechfork,MEMBER OF BOARD OF EDUCATION,District 4,,"Contest Totals ",183,14,154,15
Leslie,A101 Beechfork,MEDICAL CANNABIS,,,"Yes ",106,8,90,8
Leslie,A101 Beechfork,MEDICAL CANNABIS,,,"No ",46,4,37,5
Leslie,A101 Beechfork,MEDICAL CANNABIS,,,"Contest Totals ",183,14,154,15
Leslie,A101 Beechfork,Constitutional Amendment 1,,,Yes,99,8,78,13
Leslie,A101 Beechfork,Constitutional Amendment 1,,,No,45,4,40,1
Leslie,A101 Beechfork,Constitutional Amendment 1,,,Contest Totals,183,14,154,15
Leslie,A101 Beechfork,Constitutional Amendment 2,,,Yes,87,10,70,7
Leslie,A101 Beechfork,Constitutional Amendment 2,,,No,72,4,61,7
Leslie,A101 Beechfork,Constitutional Amendment 2,,,Contest Totals,183,14,154,15
Leslie,A102 Stinnett,,,,Registered Voters,733,733,733,733
Leslie,A102 Stinnett,STRAIGHT PARTY,,REP,Republican Party,221,70,134,17
Leslie,A102 Stinnett,STRAIGHT PARTY,,DEM,Democratic Party,11,3,7,1
Leslie,A102 Stinnett,STRAIGHT PARTY,,KY,Kentucky Party,0,0,0,0
Leslie,A102 Stinnett,STRAIGHT PARTY,,LIB,Libertarian Party,1,0,1,0
Leslie,A102 Stinnett,STRAIGHT PARTY,,,"Contest Totals ",428,126,279,23
Leslie,A102 Stinnett,President,,REP,Donald J. TRUMP / JD VANCE,394,115,260,19
Leslie,A102 Stinnett,President,,DEM,Kamala D. HARRIS / Tim WALZ,27,8,16,3
Leslie,A102 Stinnett,President,,KY,Jill  STEIN / Samson KPADENOU,0,0,0,0
Leslie,A102 Stinnett,President,,IND,Robert F. KENNEDY JR. / Nicole SHANAHAN,3,1,1,1
Leslie,A102 Stinnett,President,,IND,Shiva AYYADURAI / Crystal ELLIS,0,0,0,0
Leslie,A102 Stinnett,President,,LIB,Chase OLIVER / Mike TER MAAT,0,0,0,0
Leslie,A102 Stinnett,President,,,"Write-In Totals ",0,0,0,0
Leslie,A102 Stinnett,President,,,"Contest Totals ",428,126,279,23
Leslie,A102 Stinnett,U.S. House,5,REP,Hal ROGERS,382,112,249,21
Leslie,A102 Stinnett,U.S. House,5,,"Write-In Totals ",0,0,0,0
Leslie,A102 Stinnett,U.S. House,5,,"Contest Totals ",428,126,279,23
Leslie,A102 Stinnett,State House,90,REP,Derek LEWIS,380,109,250,21
Leslie,A102 Stinnett,State House,90,,"Write-In Totals ",3,1,2,0
Leslie,A102 Stinnett,State House,90,,"Contest Totals ",428,126,279,23
Leslie,A102 Stinnett,Commonwealth's Attorney,41,REP,Haley Jo FIELDS,363,109,233,21
Leslie,A102 Stinnett,Commonwealth's Attorney,41,DEM,Jake ROBERTS,36,10,25,1
Leslie,A102 Stinnett,Commonwealth's Attorney,41,,"Write-In Totals ",0,0,0,0
Leslie,A102 Stinnett,Commonwealth's Attorney,41,,"Contest Totals ",428,126,279,23
Leslie,A102 Stinnett,CIRCUIT COURT CLERK,Leslie County,REP,Carmolitta MORGAN-PACE,384,111,252,21
Leslie,A102 Stinnett,CIRCUIT COURT CLERK,Leslie County,,"Write-In Totals ",0,0,0,0
Leslie,A102 Stinnett,CIRCUIT COURT CLERK,Leslie County,,"Contest Totals ",428,126,279,23
Leslie,A102 Stinnett,MEDICAL CANNABIS,,,"Yes ",282,77,194,11
Leslie,A102 Stinnett,MEDICAL CANNABIS,,,"No ",107,40,63,4
Leslie,A102 Stinnett,MEDICAL CANNABIS,,,"Contest Totals ",428,126,279,23
Leslie,A102 Stinnett,Constitutional Amendment 1,,,"Yes ",280,71,199,10
Leslie,A102 Stinnett,Constitutional Amendment 1,,,"No ",106,43,56,7
Leslie,A102 Stinnett,Constitutional Amendment 1,,,"Contest Totals ",428,126,279,23
Leslie,A102 Stinnett,Constitutional Amendment 2,,,Yes,147,49,90,8
Leslie,A102 Stinnett,Constitutional Amendment 2,,,No,258,75,174,9
Leslie,A102 Stinnett,Constitutional Amendment 2,,,Contest Totals,428,126,279,23
Leslie,A103 Greasy,,,,Registered Voters,50,50,50,50
Leslie,A103 Greasy,STRAIGHT PARTY,,REP,Republican Party,16,3,13,0
Leslie,A103 Greasy,STRAIGHT PARTY,,DEM,Democratic Party,0,0,0,0
Leslie,A103 Greasy,STRAIGHT PARTY,,KY,Kentucky Party,0,0,0,0
Leslie,A103 Greasy,STRAIGHT PARTY,,LIB,Libertarian Party,0,0,0,0
Leslie,A103 Greasy,STRAIGHT PARTY,,,"Contest Totals ",37,11,24,2
Leslie,A103 Greasy,President,,REP,Donald J. TRUMP / JD VANCE,33,8,24,1
Leslie,A103 Greasy,President,,DEM,Kamala D. HARRIS / Tim WALZ,0,0,0,0
Leslie,A103 Greasy,President,,KY,Jill  STEIN / Samson KPADENOU,1,1,0,0
Leslie,A103 Greasy,President,,IND,Robert F. KENNEDY JR. / Nicole SHANAHAN,0,0,0,0
Leslie,A103 Greasy,President,,IND,Shiva AYYADURAI / Crystal ELLIS,0,0,0,0
Leslie,A103 Greasy,President,,LIB,Chase OLIVER / Mike TER MAAT,2,2,0,0
Leslie,A103 Greasy,President,,,"Write-In Totals ",0,0,0,0
Leslie,A103 Greasy,President,,,"Contest Totals ",37,11,24,2
Leslie,A103 Greasy,U.S. House,5,REP,Hal ROGERS,33,9,22,2
Leslie,A103 Greasy,U.S. House,5,,"Write-In Totals ",0,0,0,0
Leslie,A103 Greasy,U.S. House,5,,"Contest Totals ",37,11,24,2
Leslie,A103 Greasy,State House,90,REP,Derek LEWIS,31,8,21,2
Leslie,A103 Greasy,State House,90,,"Write-In Totals ",2,0,2,0
Leslie,A103 Greasy,State House,90,,"Contest Totals ",37,11,24,2
Leslie,A103 Greasy,Commonwealth's Attorney,41,REP,Haley Jo FIELDS,32,8,22,2
Leslie,A103 Greasy,Commonwealth's Attorney,41,DEM,Jake ROBERTS,2,2,0,0
Leslie,A103 Greasy,Commonwealth's Attorney,41,,"Write-In Totals ",0,0,0,0
Leslie,A103 Greasy,Commonwealth's Attorney,41,,"Contest Totals ",37,11,24,2
Leslie,A103 Greasy,CIRCUIT COURT CLERK,Leslie County,REP,Carmolitta MORGAN-PACE,28,5,21,2
Leslie,A103 Greasy,CIRCUIT COURT CLERK,Leslie County,,"Write-In Totals ",0,0,0,0
Leslie,A103 Greasy,CIRCUIT COURT CLERK,Leslie County,,"Contest Totals ",37,11,24,2
Leslie,A103 Greasy,MEMBER OF BOARD OF EDUCATION,District 3,,"David LEWIS ",19,4,13,2
Leslie,A103 Greasy,MEMBER OF BOARD OF EDUCATION,District 3,,"Write-In Totals ",0,0,0,0
Leslie,A103 Greasy,MEMBER OF BOARD OF EDUCATION,District 3,,"Contest Totals ",37,11,24,2
Leslie,A103 Greasy,MEDICAL CANNABIS,,,"Yes ",25,10,14,1
Leslie,A103 Greasy,MEDICAL CANNABIS,,,"No ",9,0,9,0
Leslie,A103 Greasy,MEDICAL CANNABIS,,,"Contest Totals ",37,11,24,2
Leslie,A103 Greasy,Constitutional Amendment 1,,,Yes,21,5,15,1
Leslie,A103 Greasy,Constitutional Amendment 1,,,No,8,3,5,0
Leslie,A103 Greasy,Constitutional Amendment 1,,,Contest Totals,37,11,24,2
Leslie,A103 Greasy,Constitutional Amendment 2,,,Yes,13,4,9,0
Leslie,A103 Greasy,Constitutional Amendment 2,,,No,22,6,15,1
Leslie,A103 Greasy,Constitutional Amendment 2,,,Contest Totals,37,11,24,2
Leslie,A104 Hyden_Jeff,,,,Registered Voters,618,618,618,618
Leslie,A104 Hyden_Jeff,STRAIGHT PARTY,,REP,Republican Party,157,36,117,4
Leslie,A104 Hyden_Jeff,STRAIGHT PARTY,,DEM,Democratic Party,16,4,12,0
Leslie,A104 Hyden_Jeff,STRAIGHT PARTY,,KY,Kentucky Party,2,0,2,0
Leslie,A104 Hyden_Jeff,STRAIGHT PARTY,,LIB,Libertarian Party,2,1,1,0
Leslie,A104 Hyden_Jeff,STRAIGHT PARTY,,,"Contest Totals ",367,99,261,7
Leslie,A104 Hyden_Jeff,President,,REP,Donald J. TRUMP / JD VANCE,320,79,235,6
Leslie,A104 Hyden_Jeff,President,,DEM,Kamala D. HARRIS / Tim WALZ,38,18,20,0
Leslie,A104 Hyden_Jeff,President,,KY,Jill  STEIN / Samson KPADENOU,1,0,1,0
Leslie,A104 Hyden_Jeff,President,,IND,Robert F. KENNEDY JR. / Nicole SHANAHAN,3,1,2,0
Leslie,A104 Hyden_Jeff,President,,IND,Shiva AYYADURAI / Crystal ELLIS,1,0,1,0
Leslie,A104 Hyden_Jeff,President,,LIB,Chase OLIVER / Mike TER MAAT,2,1,1,0
Leslie,A104 Hyden_Jeff,President,,,"Write-In Totals ",0,0,0,0
Leslie,A104 Hyden_Jeff,President,,,"Contest Totals ",367,99,261,7
Leslie,A104 Hyden_Jeff,U.S. House,5,REP,Hal ROGERS,310,78,225,7
Leslie,A104 Hyden_Jeff,U.S. House,5,,"Write-In Totals ",1,0,1,0
Leslie,A104 Hyden_Jeff,U.S. House,5,,"Contest Totals ",367,99,261,7
Leslie,A104 Hyden_Jeff,State House,90,REP,Derek LEWIS,321,85,229,7
Leslie,A104 Hyden_Jeff,State House,90,,"Write-In Totals ",5,1,4,0
Leslie,A104 Hyden_Jeff,State House,90,,"Contest Totals ",367,99,261,7
Leslie,A104 Hyden_Jeff,Commonwealth's Attorney,41,REP,Haley Jo FIELDS,304,78,219,7
Leslie,A104 Hyden_Jeff,Commonwealth's Attorney,41,DEM,Jake ROBERTS,40,13,27,0
Leslie,A104 Hyden_Jeff,Commonwealth's Attorney,41,,"Write-In Totals ",0,0,0,0
Leslie,A104 Hyden_Jeff,Commonwealth's Attorney,41,,"Contest Totals ",367,99,261,7
Leslie,A104 Hyden_Jeff,CIRCUIT COURT CLERK,Leslie County,REP,Carmolitta MORGAN-PACE,326,85,234,7
Leslie,A104 Hyden_Jeff,CIRCUIT COURT CLERK,Leslie County,,"Write-In Totals ",1,0,1,0
Leslie,A104 Hyden_Jeff,CIRCUIT COURT CLERK,Leslie County,,"Contest Totals ",367,99,261,7
Leslie,A104 Hyden_Jeff,MEDICAL CANNABIS,,,"Yes ",267,73,189,5
Leslie,A104 Hyden_Jeff,MEDICAL CANNABIS,,,"No ",70,15,53,2
Leslie,A104 Hyden_Jeff,MEDICAL CANNABIS,,,"Contest Totals ",367,99,261,7
Leslie,A104 Hyden_Jeff,Constitutional Amendment 1,,,"Yes ",228,57,167,4
Leslie,A104 Hyden_Jeff,Constitutional Amendment 1,,,"No ",93,26,64,3
Leslie,A104 Hyden_Jeff,Constitutional Amendment 1,,,"Contest Totals ",367,99,261,7
Leslie,A104 Hyden_Jeff,Constitutional Amendment 2,,,Yes,98,21,74,3
Leslie,A104 Hyden_Jeff,Constitutional Amendment 2,,,No,239,67,169,3
Leslie,A104 Hyden_Jeff,Constitutional Amendment 2,,,Contest Totals,367,99,261,7
Leslie,A105 Marrowbone,,,,Registered Voters,205,205,205,205
Leslie,A105 Marrowbone,STRAIGHT PARTY,,REP,Republican Party,50,11,34,5
Leslie,A105 Marrowbone,STRAIGHT PARTY,,DEM,Democratic Party,4,1,3,0
Leslie,A105 Marrowbone,STRAIGHT PARTY,,KY,Kentucky Party,0,0,0,0
Leslie,A105 Marrowbone,STRAIGHT PARTY,,LIB,Libertarian Party,1,0,1,0
Leslie,A105 Marrowbone,STRAIGHT PARTY,,,"Contest Totals ",111,22,75,14
Leslie,A105 Marrowbone,President,,REP,Donald J. TRUMP / JD VANCE,100,20,67,13
Leslie,A105 Marrowbone,President,,DEM,Kamala D. HARRIS / Tim WALZ,8,2,5,1
Leslie,A105 Marrowbone,President,,KY,Jill  STEIN / Samson KPADENOU,0,0,0,0
Leslie,A105 Marrowbone,President,,IND,Robert F. KENNEDY JR. / Nicole SHANAHAN,1,0,1,0
Leslie,A105 Marrowbone,President,,IND,Shiva AYYADURAI / Crystal ELLIS,0,0,0,0
Leslie,A105 Marrowbone,President,,LIB,Chase OLIVER / Mike TER MAAT,1,0,1,0
Leslie,A105 Marrowbone,President,,,"Write-In Totals ",1,0,1,0
Leslie,A105 Marrowbone,President,,,"Contest Totals ",111,22,75,14
Leslie,A105 Marrowbone,U.S. House,5,REP,Hal ROGERS,98,20,64,14
Leslie,A105 Marrowbone,U.S. House,5,,"Write-In Totals ",3,0,3,0
Leslie,A105 Marrowbone,U.S. House,5,,"Contest Totals ",111,22,75,14
Leslie,A105 Marrowbone,State House,90,REP,Derek LEWIS,102,21,67,14
Leslie,A105 Marrowbone,State House,90,,"Write-In Totals ",1,0,1,0
Leslie,A105 Marrowbone,State House,90,,"Contest Totals ",111,22,75,14
Leslie,A105 Marrowbone,Commonwealth's Attorney,41,REP,Haley Jo FIELDS,86,19,55,12
Leslie,A105 Marrowbone,Commonwealth's Attorney,41,DEM,Jake ROBERTS,14,2,10,2
Leslie,A105 Marrowbone,Commonwealth's Attorney,41,,"Write-In Totals ",0,0,0,0
Leslie,A105 Marrowbone,Commonwealth's Attorney,41,,"Contest Totals ",111,22,75,14
Leslie,A105 Marrowbone,CIRCUIT COURT CLERK,Leslie County,REP,Carmolitta MORGAN-PACE,101,20,67,14
Leslie,A105 Marrowbone,CIRCUIT COURT CLERK,Leslie County,,"Write-In Totals ",0,0,0,0
Leslie,A105 Marrowbone,CIRCUIT COURT CLERK,Leslie County,,"Contest Totals ",111,22,75,14
Leslie,A105 Marrowbone,MEMBER OF BOARD OF EDUCATION,District 4,,"Jonathan SMITH ",49,6,36,7
Leslie,A105 Marrowbone,MEMBER OF BOARD OF EDUCATION,District 4,,"Pat BAKER ",38,8,26,4
Leslie,A105 Marrowbone,MEMBER OF BOARD OF EDUCATION,District 4,,"Write-In Totals ",0,0,0,0
Leslie,A105 Marrowbone,MEMBER OF BOARD OF EDUCATION,District 4,,"Contest Totals ",111,22,75,14
Leslie,A105 Marrowbone,MEDICAL CANNABIS,,,"Yes ",69,12,50,7
Leslie,A105 Marrowbone,MEDICAL CANNABIS,,,"No ",23,4,16,3
Leslie,A105 Marrowbone,MEDICAL CANNABIS,,,"Contest Totals ",111,22,75,14
Leslie,A105 Marrowbone,Constitutional Amendment 1,,,Yes,65,10,49,6
Leslie,A105 Marrowbone,Constitutional Amendment 1,,,No,28,5,21,2
Leslie,A105 Marrowbone,Constitutional Amendment 1,,,Contest Totals,111,22,75,14
Leslie,A105 Marrowbone,Constitutional Amendment 2,,,Yes,56,14,35,7
Leslie,A105 Marrowbone,Constitutional Amendment 2,,,No,43,4,37,2
Leslie,A105 Marrowbone,Constitutional Amendment 2,,,Contest Totals,111,22,75,14
Leslie,B101 Jack's Creek,,,,Registered Voters,740,740,740,740
Leslie,B101 Jack's Creek,STRAIGHT PARTY,,REP,Republican Party,207,47,150,10
Leslie,B101 Jack's Creek,STRAIGHT PARTY,,DEM,Democratic Party,15,5,10,0
Leslie,B101 Jack's Creek,STRAIGHT PARTY,,KY,Kentucky Party,2,0,2,0
Leslie,B101 Jack's Creek,STRAIGHT PARTY,,LIB,Libertarian Party,0,0,0,0
Leslie,B101 Jack's Creek,STRAIGHT PARTY,,,"Contest Totals ",483,112,343,28
Leslie,B101 Jack's Creek,President,,REP,Donald J. TRUMP / JD VANCE,442,99,317,26
Leslie,B101 Jack's Creek,President,,DEM,Kamala D. HARRIS / Tim WALZ,32,11,20,1
Leslie,B101 Jack's Creek,President,,KY,Jill  STEIN / Samson KPADENOU,2,1,1,0
Leslie,B101 Jack's Creek,President,,IND,Robert F. KENNEDY JR. / Nicole SHANAHAN,1,0,1,0
Leslie,B101 Jack's Creek,President,,IND,Shiva AYYADURAI / Crystal ELLIS,0,0,0,0
Leslie,B101 Jack's Creek,President,,LIB,Chase OLIVER / Mike TER MAAT,0,0,0,0
Leslie,B101 Jack's Creek,President,,,"Write-In Totals ",0,0,0,0
Leslie,B101 Jack's Creek,President,,,"Contest Totals ",483,112,343,28
Leslie,B101 Jack's Creek,U.S. House,5,REP,Hal ROGERS,427,98,303,26
Leslie,B101 Jack's Creek,U.S. House,5,,"Write-In Totals ",1,0,1,0
Leslie,B101 Jack's Creek,U.S. House,5,,"Contest Totals ",483,112,343,28
Leslie,B101 Jack's Creek,State House,90,REP,Derek LEWIS,418,96,295,27
Leslie,B101 Jack's Creek,State House,90,,"Write-In Totals ",3,0,3,0
Leslie,B101 Jack's Creek,State House,90,,"Contest Totals ",483,112,343,28
Leslie,B101 Jack's Creek,Commonwealth's Attorney,41,REP,Haley Jo FIELDS,393,94,273,26
Leslie,B101 Jack's Creek,Commonwealth's Attorney,41,DEM,Jake ROBERTS,41,12,27,2
Leslie,B101 Jack's Creek,Commonwealth's Attorney,41,,"Write-In Totals ",1,1,0,0
Leslie,B101 Jack's Creek,Commonwealth's Attorney,41,,"Contest Totals ",483,112,343,28
Leslie,B101 Jack's Creek,CIRCUIT COURT CLERK,Leslie County,REP,Carmolitta MORGAN-PACE,429,100,302,27
Leslie,B101 Jack's Creek,CIRCUIT COURT CLERK,Leslie County,,"Write-In Totals ",2,0,2,0
Leslie,B101 Jack's Creek,CIRCUIT COURT CLERK,Leslie County,,"Contest Totals ",483,112,343,28
Leslie,B101 Jack's Creek,MEMBER OF BOARD OF EDUCATION,District 4,,"Jonathan SMITH ",243,62,175,6
Leslie,B101 Jack's Creek,MEMBER OF BOARD OF EDUCATION,District 4,,"Pat BAKER ",185,36,129,20
Leslie,B101 Jack's Creek,MEMBER OF BOARD OF EDUCATION,District 4,,"Write-In Totals ",1,0,1,0
Leslie,B101 Jack's Creek,MEMBER OF BOARD OF EDUCATION,District 4,,"Contest Totals ",483,112,343,28
Leslie,B101 Jack's Creek,MEDICAL CANNABIS,,,"Yes ",232,45,174,13
Leslie,B101 Jack's Creek,MEDICAL CANNABIS,,,"No ",166,50,105,11
Leslie,B101 Jack's Creek,MEDICAL CANNABIS,,,"Contest Totals ",483,112,343,28
Leslie,B101 Jack's Creek,Constitutional Amendment 1,,,Yes,271,68,189,14
Leslie,B101 Jack's Creek,Constitutional Amendment 1,,,No,127,29,90,8
Leslie,B101 Jack's Creek,Constitutional Amendment 1,,,Contest Totals,483,112,343,28
Leslie,B101 Jack's Creek,Constitutional Amendment 2,,,Yes,205,51,144,10
Leslie,B101 Jack's Creek,Constitutional Amendment 2,,,No,217,50,154,13
Leslie,B101 Jack's Creek,Constitutional Amendment 2,,,Contest Totals,483,112,343,28
Leslie,B102 Bad Creek,,,,Registered Voters,388,388,388,388
Leslie,B102 Bad Creek,STRAIGHT PARTY,,REP,Republican Party,61,18,36,7
Leslie,B102 Bad Creek,STRAIGHT PARTY,,DEM,Democratic Party,10,7,2,1
Leslie,B102 Bad Creek,STRAIGHT PARTY,,KY,Kentucky Party,1,1,0,0
Leslie,B102 Bad Creek,STRAIGHT PARTY,,LIB,Libertarian Party,0,0,0,0
Leslie,B102 Bad Creek,STRAIGHT PARTY,,,"Contest Totals ",181,39,125,17
Leslie,B102 Bad Creek,President,,REP,Donald J. TRUMP / JD VANCE,157,31,111,15
Leslie,B102 Bad Creek,President,,DEM,Kamala D. HARRIS / Tim WALZ,21,8,12,1
Leslie,B102 Bad Creek,President,,KY,Jill  STEIN / Samson KPADENOU,2,0,2,0
Leslie,B102 Bad Creek,President,,IND,Robert F. KENNEDY JR. / Nicole SHANAHAN,0,0,0,0
Leslie,B102 Bad Creek,President,,IND,Shiva AYYADURAI / Crystal ELLIS,0,0,0,0
Leslie,B102 Bad Creek,President,,LIB,Chase OLIVER / Mike TER MAAT,0,0,0,0
Leslie,B102 Bad Creek,President,,,"Write-In Totals ",0,0,0,0
Leslie,B102 Bad Creek,President,,,"Contest Totals ",181,39,125,17
Leslie,B102 Bad Creek,U.S. House,5,REP,Hal ROGERS,141,28,96,17
Leslie,B102 Bad Creek,U.S. House,5,,"Write-In Totals ",1,1,0,0
Leslie,B102 Bad Creek,U.S. House,5,,"Contest Totals ",181,39,125,17
Leslie,B102 Bad Creek,State House,90,REP,Derek LEWIS,142,28,99,15
Leslie,B102 Bad Creek,State House,90,,"Write-In Totals ",0,0,0,0
Leslie,B102 Bad Creek,State House,90,,"Contest Totals ",181,39,125,17
Leslie,B102 Bad Creek,Commonwealth's Attorney,41,REP,Haley Jo FIELDS,121,24,85,12
Leslie,B102 Bad Creek,Commonwealth's Attorney,41,DEM,Jake ROBERTS,34,11,19,4
Leslie,B102 Bad Creek,Commonwealth's Attorney,41,,"Write-In Totals ",0,0,0,0
Leslie,B102 Bad Creek,Commonwealth's Attorney,41,,"Contest Totals ",181,39,125,17
Leslie,B102 Bad Creek,CIRCUIT COURT CLERK,Leslie County,REP,Carmolitta MORGAN-PACE,152,32,103,17
Leslie,B102 Bad Creek,CIRCUIT COURT CLERK,Leslie County,,"Write-In Totals ",0,0,0,0
Leslie,B102 Bad Creek,CIRCUIT COURT CLERK,Leslie County,,"Contest Totals ",181,39,125,17
Leslie,B102 Bad Creek,MEMBER OF BOARD OF EDUCATION,District 4,,"Jonathan SMITH ",92,18,63,11
Leslie,B102 Bad Creek,MEMBER OF BOARD OF EDUCATION,District 4,,"Pat BAKER ",58,13,42,3
Leslie,B102 Bad Creek,MEMBER OF BOARD OF EDUCATION,District 4,,"Write-In Totals ",0,0,0,0
Leslie,B102 Bad Creek,MEMBER OF BOARD OF EDUCATION,District 4,,"Contest Totals ",181,39,125,17
Leslie,B102 Bad Creek,MEDICAL CANNABIS,,,"Yes ",114,24,80,10
Leslie,B102 Bad Creek,MEDICAL CANNABIS,,,"No ",46,9,32,5
Leslie,B102 Bad Creek,MEDICAL CANNABIS,,,"Contest Totals ",181,39,125,17
Leslie,B102 Bad Creek,Constitutional Amendment 1,,,Yes,102,19,72,11
Leslie,B102 Bad Creek,Constitutional Amendment 1,,,No,43,7,35,1
Leslie,B102 Bad Creek,Constitutional Amendment 1,,,Contest Totals,181,39,125,17
Leslie,B102 Bad Creek,Constitutional Amendment 2,,,Yes,58,13,41,4
Leslie,B102 Bad Creek,Constitutional Amendment 2,,,No,98,19,71,8
Leslie,B102 Bad Creek,Constitutional Amendment 2,,,Contest Totals,181,39,125,17
Leslie,B103 Rockhouse,,,,Registered Voters,301,301,301,301
Leslie,B103 Rockhouse,STRAIGHT PARTY,,REP,Republican Party,89,16,69,4
Leslie,B103 Rockhouse,STRAIGHT PARTY,,DEM,Democratic Party,5,2,3,0
Leslie,B103 Rockhouse,STRAIGHT PARTY,,KY,Kentucky Party,1,1,0,0
Leslie,B103 Rockhouse,STRAIGHT PARTY,,LIB,Libertarian Party,0,0,0,0
Leslie,B103 Rockhouse,STRAIGHT PARTY,,,"Contest Totals ",182,44,130,8
Leslie,B103 Rockhouse,President,,REP,Donald J. TRUMP / JD VANCE,166,40,118,8
Leslie,B103 Rockhouse,President,,DEM,Kamala D. HARRIS / Tim WALZ,10,2,8,0
Leslie,B103 Rockhouse,President,,KY,Jill  STEIN / Samson KPADENOU,0,0,0,0
Leslie,B103 Rockhouse,President,,IND,Robert F. KENNEDY JR. / Nicole SHANAHAN,5,2,3,0
Leslie,B103 Rockhouse,President,,IND,Shiva AYYADURAI / Crystal ELLIS,0,0,0,0
Leslie,B103 Rockhouse,President,,LIB,Chase OLIVER / Mike TER MAAT,0,0,0,0
Leslie,B103 Rockhouse,President,,,"Write-In Totals ",0,0,0,0
Leslie,B103 Rockhouse,President,,,"Contest Totals ",182,44,130,8
Leslie,B103 Rockhouse,U.S. House,5,REP,Hal ROGERS,161,40,113,8
Leslie,B103 Rockhouse,U.S. House,5,,"Write-In Totals ",0,0,0,0
Leslie,B103 Rockhouse,U.S. House,5,,"Contest Totals ",182,44,130,8
Leslie,B103 Rockhouse,State House,90,REP,Derek LEWIS,168,42,118,8
Leslie,B103 Rockhouse,State House,90,,"Write-In Totals ",0,0,0,0
Leslie,B103 Rockhouse,State House,90,,"Contest Totals ",182,44,130,8
Leslie,B103 Rockhouse,Commonwealth's Attorney,41,REP,Haley Jo FIELDS,156,40,108,8
Leslie,B103 Rockhouse,Commonwealth's Attorney,41,DEM,Jake ROBERTS,14,4,10,0
Leslie,B103 Rockhouse,Commonwealth's Attorney,41,,"Write-In Totals ",0,0,0,0
Leslie,B103 Rockhouse,Commonwealth's Attorney,41,,"Contest Totals ",182,44,130,8
Leslie,B103 Rockhouse,CIRCUIT COURT CLERK,Leslie County,REP,Carmolitta MORGAN-PACE,169,41,120,8
Leslie,B103 Rockhouse,CIRCUIT COURT CLERK,Leslie County,,"Write-In Totals ",0,0,0,0
Leslie,B103 Rockhouse,CIRCUIT COURT CLERK,Leslie County,,"Contest Totals ",182,44,130,8
Leslie,B103 Rockhouse,MEDICAL CANNABIS,,,"Yes ",97,21,72,4
Leslie,B103 Rockhouse,MEDICAL CANNABIS,,,"No ",72,21,47,4
Leslie,B103 Rockhouse,MEDICAL CANNABIS,,,"Contest Totals ",182,44,130,8
Leslie,B103 Rockhouse,Constitutional Amendment 1,,,"Yes ",108,28,75,5
Leslie,B103 Rockhouse,Constitutional Amendment 1,,,"No ",48,11,34,3
Leslie,B103 Rockhouse,Constitutional Amendment 1,,,"Contest Totals ",182,44,130,8
Leslie,B103 Rockhouse,Constitutional Amendment 2,,,Yes,54,21,29,4
Leslie,B103 Rockhouse,Constitutional Amendment 2,,,No,116,22,91,3
Leslie,B103 Rockhouse,Constitutional Amendment 2,,,Contest Totals,182,44,130,8
Leslie,B104 Big Creek,,,,Registered Voters,301,301,301,301
Leslie,B104 Big Creek,STRAIGHT PARTY,,REP,Republican Party,78,8,68,2
Leslie,B104 Big Creek,STRAIGHT PARTY,,DEM,Democratic Party,4,1,2,1
Leslie,B104 Big Creek,STRAIGHT PARTY,,KY,Kentucky Party,0,0,0,0
Leslie,B104 Big Creek,STRAIGHT PARTY,,LIB,Libertarian Party,0,0,0,0
Leslie,B104 Big Creek,STRAIGHT PARTY,,,"Contest Totals ",174,21,145,8
Leslie,B104 Big Creek,President,,REP,Donald J. TRUMP / JD VANCE,168,20,142,6
Leslie,B104 Big Creek,President,,DEM,Kamala D. HARRIS / Tim WALZ,5,1,3,1
Leslie,B104 Big Creek,President,,KY,Jill  STEIN / Samson KPADENOU,0,0,0,0
Leslie,B104 Big Creek,President,,IND,Robert F. KENNEDY JR. / Nicole SHANAHAN,1,0,0,1
Leslie,B104 Big Creek,President,,IND,Shiva AYYADURAI / Crystal ELLIS,0,0,0,0
Leslie,B104 Big Creek,President,,LIB,Chase OLIVER / Mike TER MAAT,0,0,0,0
Leslie,B104 Big Creek,President,,,"Write-In Totals ",0,0,0,0
Leslie,B104 Big Creek,President,,,"Contest Totals ",174,21,145,8
Leslie,B104 Big Creek,U.S. House,5,REP,Hal ROGERS,157,19,131,7
Leslie,B104 Big Creek,U.S. House,5,,"Write-In Totals ",0,0,0,0
Leslie,B104 Big Creek,U.S. House,5,,"Contest Totals ",174,21,145,8
Leslie,B104 Big Creek,State House,90,REP,Derek LEWIS,158,20,131,7
Leslie,B104 Big Creek,State House,90,,"Write-In Totals ",1,0,1,0
Leslie,B104 Big Creek,State House,90,,"Contest Totals ",174,21,145,8
Leslie,B104 Big Creek,Commonwealth's Attorney,41,REP,Haley Jo FIELDS,145,19,119,7
Leslie,B104 Big Creek,Commonwealth's Attorney,41,DEM,Jake ROBERTS,16,1,14,1
Leslie,B104 Big Creek,Commonwealth's Attorney,41,,"Write-In Totals ",1,1,0,0
Leslie,B104 Big Creek,Commonwealth's Attorney,41,,"Contest Totals ",174,21,145,8
Leslie,B104 Big Creek,CIRCUIT COURT CLERK,Leslie County,REP,Carmolitta MORGAN-PACE,159,19,133,7
Leslie,B104 Big Creek,CIRCUIT COURT CLERK,Leslie County,,"Write-In Totals ",0,0,0,0
Leslie,B104 Big Creek,CIRCUIT COURT CLERK,Leslie County,,"Contest Totals ",174,21,145,8
Leslie,B104 Big Creek,MEMBER OF BOARD OF EDUCATION,District 2,,"Brandon S. FIELDS ",43,5,33,5
Leslie,B104 Big Creek,MEMBER OF BOARD OF EDUCATION,District 2,,"Neil LEWIS ",109,13,93,3
Leslie,B104 Big Creek,MEMBER OF BOARD OF EDUCATION,District 2,,"Write-In Totals ",0,0,0,0
Leslie,B104 Big Creek,MEMBER OF BOARD OF EDUCATION,District 2,,"Contest Totals ",174,21,145,8
Leslie,B104 Big Creek,MEDICAL CANNABIS,,,"Yes ",112,15,93,4
Leslie,B104 Big Creek,MEDICAL CANNABIS,,,"No ",39,4,31,4
Leslie,B104 Big Creek,MEDICAL CANNABIS,,,"Contest Totals ",174,21,145,8
Leslie,B104 Big Creek,Constitutional Amendment 1,,,Yes,92,7,79,6
Leslie,B104 Big Creek,Constitutional Amendment 1,,,No,52,10,41,1
Leslie,B104 Big Creek,Constitutional Amendment 1,,,Contest Totals,174,21,145,8
Leslie,B104 Big Creek,Constitutional Amendment 2,,,Yes,49,7,40,2
Leslie,B104 Big Creek,Constitutional Amendment 2,,,No,111,11,95,5
Leslie,B104 Big Creek,Constitutional Amendment 2,,,Contest Totals,174,21,145,8
Leslie,C101 Wooton,,,,Registered Voters,744,744,744,744
Leslie,C101 Wooton,STRAIGHT PARTY,,REP,Republican Party,217,55,155,7
Leslie,C101 Wooton,STRAIGHT PARTY,,DEM,Democratic Party,15,4,10,1
Leslie,C101 Wooton,STRAIGHT PARTY,,KY,Kentucky Party,2,0,2,0
Leslie,C101 Wooton,STRAIGHT PARTY,,LIB,Libertarian Party,1,0,1,0
Leslie,C101 Wooton,STRAIGHT PARTY,,,"Contest Totals ",475,118,337,20
Leslie,C101 Wooton,President,,REP,Donald J. TRUMP / JD VANCE,425,104,306,15
Leslie,C101 Wooton,President,,DEM,Kamala D. HARRIS / Tim WALZ,44,13,26,5
Leslie,C101 Wooton,President,,KY,Jill  STEIN / Samson KPADENOU,2,1,1,0
Leslie,C101 Wooton,President,,IND,Robert F. KENNEDY JR. / Nicole SHANAHAN,3,0,3,0
Leslie,C101 Wooton,President,,IND,Shiva AYYADURAI / Crystal ELLIS,0,0,0,0
Leslie,C101 Wooton,President,,LIB,Chase OLIVER / Mike TER MAAT,0,0,0,0
Leslie,C101 Wooton,President,,,"Write-In Totals ",0,0,0,0
Leslie,C101 Wooton,President,,,"Contest Totals ",475,118,337,20
Leslie,C101 Wooton,U.S. House,5,REP,Hal ROGERS,421,107,296,18
Leslie,C101 Wooton,U.S. House,5,,"Write-In Totals ",1,1,0,0
Leslie,C101 Wooton,U.S. House,5,,"Contest Totals ",475,118,337,20
Leslie,C101 Wooton,State House,90,REP,Derek LEWIS,430,104,308,18
Leslie,C101 Wooton,State House,90,,"Write-In Totals ",1,1,0,0
Leslie,C101 Wooton,State House,90,,"Contest Totals ",475,118,337,20
Leslie,C101 Wooton,Commonwealth's Attorney,41,REP,Haley Jo FIELDS,384,95,275,14
Leslie,C101 Wooton,Commonwealth's Attorney,41,DEM,Jake ROBERTS,49,15,30,4
Leslie,C101 Wooton,Commonwealth's Attorney,41,,"Write-In Totals ",0,0,0,0
Leslie,C101 Wooton,Commonwealth's Attorney,41,,"Contest Totals ",475,118,337,20
Leslie,C101 Wooton,CIRCUIT COURT CLERK,Leslie County,REP,Carmolitta MORGAN-PACE,435,106,310,19
Leslie,C101 Wooton,CIRCUIT COURT CLERK,Leslie County,,"Write-In Totals ",0,0,0,0
Leslie,C101 Wooton,CIRCUIT COURT CLERK,Leslie County,,"Contest Totals ",475,118,337,20
Leslie,C101 Wooton,MEDICAL CANNABIS,,,"Yes ",308,73,224,11
Leslie,C101 Wooton,MEDICAL CANNABIS,,,"No ",133,33,92,8
Leslie,C101 Wooton,MEDICAL CANNABIS,,,"Contest Totals ",475,118,337,20
Leslie,C101 Wooton,Constitutional Amendment 1,,,"Yes ",287,75,201,11
Leslie,C101 Wooton,Constitutional Amendment 1,,,"No ",136,31,99,6
Leslie,C101 Wooton,Constitutional Amendment 1,,,"Contest Totals ",475,118,337,20
Leslie,C101 Wooton,Constitutional Amendment 2,,,Yes,159,47,106,6
Leslie,C101 Wooton,Constitutional Amendment 2,,,No,292,68,212,12
Leslie,C101 Wooton,Constitutional Amendment 2,,,Contest Totals,475,118,337,20
Leslie,C102 Trace Fork,,,,Registered Voters,433,433,433,433
Leslie,C102 Trace Fork,STRAIGHT PARTY,,REP,Republican Party,127,14,107,6
Leslie,C102 Trace Fork,STRAIGHT PARTY,,DEM,Democratic Party,6,0,6,0
Leslie,C102 Trace Fork,STRAIGHT PARTY,,KY,Kentucky Party,0,0,0,0
Leslie,C102 Trace Fork,STRAIGHT PARTY,,LIB,Libertarian Party,0,0,0,0
Leslie,C102 Trace Fork,STRAIGHT PARTY,,,"Contest Totals ",241,31,199,11
Leslie,C102 Trace Fork,President,,REP,Donald J. TRUMP / JD VANCE,213,25,179,9
Leslie,C102 Trace Fork,President,,DEM,Kamala D. HARRIS / Tim WALZ,22,5,15,2
Leslie,C102 Trace Fork,President,,KY,Jill  STEIN / Samson KPADENOU,0,0,0,0
Leslie,C102 Trace Fork,President,,IND,Robert F. KENNEDY JR. / Nicole SHANAHAN,1,0,1,0
Leslie,C102 Trace Fork,President,,IND,Shiva AYYADURAI / Crystal ELLIS,0,0,0,0
Leslie,C102 Trace Fork,President,,LIB,Chase OLIVER / Mike TER MAAT,2,0,2,0
Leslie,C102 Trace Fork,President,,,"Write-In Totals ",0,0,0,0
Leslie,C102 Trace Fork,President,,,"Contest Totals ",241,31,199,11
Leslie,C102 Trace Fork,U.S. House,5,REP,Hal ROGERS,209,26,172,11
Leslie,C102 Trace Fork,U.S. House,5,,"Write-In Totals ",3,0,3,0
Leslie,C102 Trace Fork,U.S. House,5,,"Contest Totals ",241,31,199,11
Leslie,C102 Trace Fork,State House,90,REP,Derek LEWIS,207,27,170,10
Leslie,C102 Trace Fork,State House,90,,"Write-In Totals ",0,0,0,0
Leslie,C102 Trace Fork,State House,90,,"Contest Totals ",241,31,199,11
Leslie,C102 Trace Fork,Commonwealth's Attorney,41,REP,Haley Jo FIELDS,200,24,168,8
Leslie,C102 Trace Fork,Commonwealth's Attorney,41,DEM,Jake ROBERTS,20,5,13,2
Leslie,C102 Trace Fork,Commonwealth's Attorney,41,,"Write-In Totals ",0,0,0,0
Leslie,C102 Trace Fork,Commonwealth's Attorney,41,,"Contest Totals ",241,31,199,11
Leslie,C102 Trace Fork,CIRCUIT COURT CLERK,Leslie County,REP,Carmolitta MORGAN-PACE,210,26,173,11
Leslie,C102 Trace Fork,CIRCUIT COURT CLERK,Leslie County,,"Write-In Totals ",0,0,0,0
Leslie,C102 Trace Fork,CIRCUIT COURT CLERK,Leslie County,,"Contest Totals ",241,31,199,11
Leslie,C102 Trace Fork,MEMBER OF BOARD OF EDUCATION,District 3,,"David LEWIS ",129,18,101,10
Leslie,C102 Trace Fork,MEMBER OF BOARD OF EDUCATION,District 3,,"Write-In Totals ",1,1,0,0
Leslie,C102 Trace Fork,MEMBER OF BOARD OF EDUCATION,District 3,,"Contest Totals ",241,31,199,11
Leslie,C102 Trace Fork,MEDICAL CANNABIS,,,"Yes ",114,12,96,6
Leslie,C102 Trace Fork,MEDICAL CANNABIS,,,"No ",101,17,80,4
Leslie,C102 Trace Fork,MEDICAL CANNABIS,,,"Contest Totals ",241,31,199,11
Leslie,C102 Trace Fork,Constitutional Amendment 1,,,Yes,112,14,94,4
Leslie,C102 Trace Fork,Constitutional Amendment 1,,,No,85,13,65,7
Leslie,C102 Trace Fork,Constitutional Amendment 1,,,Contest Totals,241,31,199,11
Leslie,C102 Trace Fork,Constitutional Amendment 2,,,Yes,82,15,60,7
Leslie,C102 Trace Fork,Constitutional Amendment 2,,,No,132,15,114,3
Leslie,C102 Trace Fork,Constitutional Amendment 2,,,Contest Totals,241,31,199,11
Leslie,C103 Wolf,,,,Registered Voters,788,788,788,788
Leslie,C103 Wolf,STRAIGHT PARTY,,REP,Republican Party,197,45,143,9
Leslie,C103 Wolf,STRAIGHT PARTY,,DEM,Democratic Party,16,4,6,6
Leslie,C103 Wolf,STRAIGHT PARTY,,KY,Kentucky Party,0,0,0,0
Leslie,C103 Wolf,STRAIGHT PARTY,,LIB,Libertarian Party,0,0,0,0
Leslie,C103 Wolf,STRAIGHT PARTY,,,"Contest Totals ",453,104,307,42
Leslie,C103 Wolf,President,,REP,Donald J. TRUMP / JD VANCE,398,92,283,23
Leslie,C103 Wolf,President,,DEM,Kamala D. HARRIS / Tim WALZ,47,12,18,17
Leslie,C103 Wolf,President,,KY,Jill  STEIN / Samson KPADENOU,2,0,2,0
Leslie,C103 Wolf,President,,IND,Robert F. KENNEDY JR. / Nicole SHANAHAN,3,0,3,0
Leslie,C103 Wolf,President,,IND,Shiva AYYADURAI / Crystal ELLIS,0,0,0,0
Leslie,C103 Wolf,President,,LIB,Chase OLIVER / Mike TER MAAT,1,0,1,0
Leslie,C103 Wolf,President,,,"Write-In Totals ",0,0,0,0
Leslie,C103 Wolf,President,,,"Contest Totals ",453,104,307,42
Leslie,C103 Wolf,U.S. House,5,REP,Hal ROGERS,384,83,268,33
Leslie,C103 Wolf,U.S. House,5,,"Write-In Totals ",3,1,2,0
Leslie,C103 Wolf,U.S. House,5,,"Contest Totals ",453,104,307,42
Leslie,C103 Wolf,State House,90,REP,Derek LEWIS,385,84,269,32
Leslie,C103 Wolf,State House,90,,"Write-In Totals ",2,0,2,0
Leslie,C103 Wolf,State House,90,,"Contest Totals ",453,104,307,42
Leslie,C103 Wolf,Commonwealth's Attorney,41,REP,Haley Jo FIELDS,376,85,262,29
Leslie,C103 Wolf,Commonwealth's Attorney,41,DEM,Jake ROBERTS,37,10,15,12
Leslie,C103 Wolf,Commonwealth's Attorney,41,,"Write-In Totals ",0,0,0,0
Leslie,C103 Wolf,Commonwealth's Attorney,41,,"Contest Totals ",453,104,307,42
Leslie,C103 Wolf,CIRCUIT COURT CLERK,Leslie County,REP,Carmolitta MORGAN-PACE,394,88,272,34
Leslie,C103 Wolf,CIRCUIT COURT CLERK,Leslie County,,"Write-In Totals ",0,0,0,0
Leslie,C103 Wolf,CIRCUIT COURT CLERK,Leslie County,,"Contest Totals ",453,104,307,42
Leslie,C103 Wolf,MEMBER OF BOARD OF EDUCATION,District 3,,"David LEWIS ",268,56,185,27
Leslie,C103 Wolf,MEMBER OF BOARD OF EDUCATION,District 3,,"Write-In Totals ",7,1,6,0
Leslie,C103 Wolf,MEMBER OF BOARD OF EDUCATION,District 3,,"Contest Totals ",453,104,307,42
Leslie,C103 Wolf,MEDICAL CANNABIS,,,"Yes ",251,51,171,29
Leslie,C103 Wolf,MEDICAL CANNABIS,,,"No ",159,36,113,10
Leslie,C103 Wolf,MEDICAL CANNABIS,,,"Contest Totals ",453,104,307,42
Leslie,C103 Wolf,Constitutional Amendment 1,,,Yes,264,57,186,21
Leslie,C103 Wolf,Constitutional Amendment 1,,,No,139,30,90,19
Leslie,C103 Wolf,Constitutional Amendment 1,,,Contest Totals,453,104,307,42
Leslie,C103 Wolf,Constitutional Amendment 2,,,Yes,161,41,103,17
Leslie,C103 Wolf,Constitutional Amendment 2,,,No,254,53,180,21
Leslie,C103 Wolf,Constitutional Amendment 2,,,Contest Totals,453,104,307,42
Leslie,D101 Hyden #1,,,,Registered Voters,471,471,471,471
Leslie,D101 Hyden #1,STRAIGHT PARTY,,REP,Republican Party,111,49,51,11
Leslie,D101 Hyden #1,STRAIGHT PARTY,,DEM,Democratic Party,8,3,4,1
Leslie,D101 Hyden #1,STRAIGHT PARTY,,KY,Kentucky Party,1,1,0,0
Leslie,D101 Hyden #1,STRAIGHT PARTY,,LIB,Libertarian Party,1,0,1,0
Leslie,D101 Hyden #1,STRAIGHT PARTY,,,"Contest Totals ",298,113,162,23
Leslie,D101 Hyden #1,President,,REP,Donald J. TRUMP / JD VANCE,258,101,139,18
Leslie,D101 Hyden #1,President,,DEM,Kamala D. HARRIS / Tim WALZ,29,9,16,4
Leslie,D101 Hyden #1,President,,KY,Jill  STEIN / Samson KPADENOU,2,0,2,0
Leslie,D101 Hyden #1,President,,IND,Robert F. KENNEDY JR. / Nicole SHANAHAN,4,1,2,1
Leslie,D101 Hyden #1,President,,IND,Shiva AYYADURAI / Crystal ELLIS,0,0,0,0
Leslie,D101 Hyden #1,President,,LIB,Chase OLIVER / Mike TER MAAT,3,1,2,0
Leslie,D101 Hyden #1,President,,,"Write-In Totals ",0,0,0,0
Leslie,D101 Hyden #1,President,,,"Contest Totals ",298,113,162,23
Leslie,D101 Hyden #1,U.S. House,5,REP,Hal ROGERS,257,102,136,19
Leslie,D101 Hyden #1,U.S. House,5,,"Write-In Totals ",3,0,3,0
Leslie,D101 Hyden #1,U.S. House,5,,"Contest Totals ",298,113,162,23
Leslie,D101 Hyden #1,State House,90,REP,Derek LEWIS,264,103,141,20
Leslie,D101 Hyden #1,State House,90,,"Write-In Totals ",1,0,1,0
Leslie,D101 Hyden #1,State House,90,,"Contest Totals ",298,113,162,23
Leslie,D101 Hyden #1,Commonwealth's Attorney,41,REP,Haley Jo FIELDS,239,99,122,18
Leslie,D101 Hyden #1,Commonwealth's Attorney,41,DEM,Jake ROBERTS,36,12,20,4
Leslie,D101 Hyden #1,Commonwealth's Attorney,41,,"Write-In Totals ",2,1,1,0
Leslie,D101 Hyden #1,Commonwealth's Attorney,41,,"Contest Totals ",298,113,162,23
Leslie,D101 Hyden #1,CIRCUIT COURT CLERK,Leslie County,REP,Carmolitta MORGAN-PACE,269,104,145,20
Leslie,D101 Hyden #1,CIRCUIT COURT CLERK,Leslie County,,"Write-In Totals ",0,0,0,0
Leslie,D101 Hyden #1,CIRCUIT COURT CLERK,Leslie County,,"Contest Totals ",298,113,162,23
Leslie,D101 Hyden #1,CITY COUNCIL,City of Hyden,,"Randall COMBS ",45,20,18,7
Leslie,D101 Hyden #1,CITY COUNCIL,City of Hyden,,"James E. (Bill) NAPIER ",39,21,13,5
Leslie,D101 Hyden #1,CITY COUNCIL,City of Hyden,,"Whitney BOGGS-FUGATE ",40,20,15,5
Leslie,D101 Hyden #1,CITY COUNCIL,City of Hyden,,"Eugenia S. NAPIER ",39,19,14,6
Leslie,D101 Hyden #1,CITY COUNCIL,City of Hyden,,"Write-In Totals ",0,0,0,0
Leslie,D101 Hyden #1,CITY COUNCIL,City of Hyden,,"Contest Totals ",244,112,100,32
Leslie,D101 Hyden #1,MEDICAL CANNABIS,,,"Yes ",196,71,109,16
Leslie,D101 Hyden #1,MEDICAL CANNABIS,,,"No ",75,34,36,5
Leslie,D101 Hyden #1,MEDICAL CANNABIS,,,"Contest Totals ",298,113,162,23
Leslie,D101 Hyden #1,Constitutional Amendment 1,,,Yes,175,80,84,11
Leslie,D101 Hyden #1,Constitutional Amendment 1,,,No,87,29,50,8
Leslie,D101 Hyden #1,Constitutional Amendment 1,,,Contest Totals,298,113,162,23
Leslie,D101 Hyden #1,Constitutional Amendment 2,,,Yes,91,44,38,9
Leslie,D101 Hyden #1,Constitutional Amendment 2,,,No,175,63,100,12
Leslie,D101 Hyden #1,Constitutional Amendment 2,,,Contest Totals,298,113,162,23
Leslie,D102 Hyden #2,,,,Registered Voters,371,371,371,371
Leslie,D102 Hyden #2,STRAIGHT PARTY,,REP,Republican Party,75,28,42,5
Leslie,D102 Hyden #2,STRAIGHT PARTY,,DEM,Democratic Party,15,6,8,1
Leslie,D102 Hyden #2,STRAIGHT PARTY,,KY,Kentucky Party,1,1,0,0
Leslie,D102 Hyden #2,STRAIGHT PARTY,,LIB,Libertarian Party,0,0,0,0
Leslie,D102 Hyden #2,STRAIGHT PARTY,,,"Contest Totals ",237,100,122,15
Leslie,D102 Hyden #2,President,,REP,Donald J. TRUMP / JD VANCE,188,84,91,13
Leslie,D102 Hyden #2,President,,DEM,Kamala D. HARRIS / Tim WALZ,43,13,28,2
Leslie,D102 Hyden #2,President,,KY,Jill  STEIN / Samson KPADENOU,1,1,0,0
Leslie,D102 Hyden #2,President,,IND,Robert F. KENNEDY JR. / Nicole SHANAHAN,3,1,2,0
Leslie,D102 Hyden #2,President,,IND,Shiva AYYADURAI / Crystal ELLIS,0,0,0,0
Leslie,D102 Hyden #2,President,,LIB,Chase OLIVER / Mike TER MAAT,0,0,0,0
Leslie,D102 Hyden #2,President,,,"Write-In Totals ",0,0,0,0
Leslie,D102 Hyden #2,President,,,"Contest Totals ",237,100,122,15
Leslie,D102 Hyden #2,U.S. House,5,REP,Hal ROGERS,190,83,95,12
Leslie,D102 Hyden #2,U.S. House,5,,"Write-In Totals ",4,0,3,1
Leslie,D102 Hyden #2,U.S. House,5,,"Contest Totals ",237,100,122,15
Leslie,D102 Hyden #2,State House,90,REP,Derek LEWIS,202,88,103,11
Leslie,D102 Hyden #2,State House,90,,"Write-In Totals ",4,0,2,2
Leslie,D102 Hyden #2,State House,90,,"Contest Totals ",237,100,122,15
Leslie,D102 Hyden #2,Commonwealth's Attorney,41,REP,Haley Jo FIELDS,182,82,88,12
Leslie,D102 Hyden #2,Commonwealth's Attorney,41,DEM,Jake ROBERTS,40,14,25,1
Leslie,D102 Hyden #2,Commonwealth's Attorney,41,,"Write-In Totals ",2,0,2,0
Leslie,D102 Hyden #2,Commonwealth's Attorney,41,,"Contest Totals ",237,100,122,15
Leslie,D102 Hyden #2,CIRCUIT COURT CLERK,Leslie County,REP,Carmolitta MORGAN-PACE,207,90,104,13
Leslie,D102 Hyden #2,CIRCUIT COURT CLERK,Leslie County,,"Write-In Totals ",0,0,0,0
Leslie,D102 Hyden #2,CIRCUIT COURT CLERK,Leslie County,,"Contest Totals ",237,100,122,15
Leslie,D102 Hyden #2,CITY COUNCIL,City of Hyden,,"Randall COMBS ",45,24,19,2
Leslie,D102 Hyden #2,CITY COUNCIL,City of Hyden,,"James E. (Bill) NAPIER ",39,22,16,1
Leslie,D102 Hyden #2,CITY COUNCIL,City of Hyden,,"Whitney BOGGS-FUGATE ",46,26,19,1
Leslie,D102 Hyden #2,CITY COUNCIL,City of Hyden,,"Eugenia S. NAPIER ",44,25,18,1
Leslie,D102 Hyden #2,CITY COUNCIL,City of Hyden,,"Write-In Totals ",0,0,0,0
Leslie,D102 Hyden #2,CITY COUNCIL,City of Hyden,,"Contest Totals ",232,132,92,8
Leslie,D102 Hyden #2,MEDICAL CANNABIS,,,"Yes ",155,66,80,9
Leslie,D102 Hyden #2,MEDICAL CANNABIS,,,"No ",70,30,35,5
Leslie,D102 Hyden #2,MEDICAL CANNABIS,,,"Contest Totals ",237,100,122,15
Leslie,D102 Hyden #2,Constitutional Amendment 1,,,Yes,150,69,70,11
Leslie,D102 Hyden #2,Constitutional Amendment 1,,,No,63,19,42,2
Leslie,D102 Hyden #2,Constitutional Amendment 1,,,Contest Totals,237,100,122,15
Leslie,D102 Hyden #2,Constitutional Amendment 2,,,Yes,69,31,32,6
Leslie,D102 Hyden #2,Constitutional Amendment 2,,,No,158,67,85,6
Leslie,D102 Hyden #2,Constitutional Amendment 2,,,Contest Totals,237,100,122,15
Leslie,D103 Wilder,,,,Registered Voters,325,325,325,325
Leslie,D103 Wilder,STRAIGHT PARTY,,REP,Republican Party,78,20,52,6
Leslie,D103 Wilder,STRAIGHT PARTY,,DEM,Democratic Party,5,0,3,2
Leslie,D103 Wilder,STRAIGHT PARTY,,KY,Kentucky Party,0,0,0,0
Leslie,D103 Wilder,STRAIGHT PARTY,,LIB,Libertarian Party,0,0,0,0
Leslie,D103 Wilder,STRAIGHT PARTY,,,"Contest Totals ",183,50,112,21
Leslie,D103 Wilder,President,,REP,Donald J. TRUMP / JD VANCE,159,43,101,15
Leslie,D103 Wilder,President,,DEM,Kamala D. HARRIS / Tim WALZ,19,5,9,5
Leslie,D103 Wilder,President,,KY,Jill  STEIN / Samson KPADENOU,2,1,1,0
Leslie,D103 Wilder,President,,IND,Robert F. KENNEDY JR. / Nicole SHANAHAN,0,0,0,0
Leslie,D103 Wilder,President,,IND,Shiva AYYADURAI / Crystal ELLIS,1,1,0,0
Leslie,D103 Wilder,President,,LIB,Chase OLIVER / Mike TER MAAT,0,0,0,0
Leslie,D103 Wilder,President,,,"Write-In Totals ",0,0,0,0
Leslie,D103 Wilder,President,,,"Contest Totals ",183,50,112,21
Leslie,D103 Wilder,U.S. House,5,REP,Hal ROGERS,154,40,96,18
Leslie,D103 Wilder,U.S. House,5,,"Write-In Totals ",1,0,0,1
Leslie,D103 Wilder,U.S. House,5,,"Contest Totals ",183,50,112,21
Leslie,D103 Wilder,State House,90,REP,Derek LEWIS,152,39,98,15
Leslie,D103 Wilder,State House,90,,"Write-In Totals ",2,0,0,2
Leslie,D103 Wilder,State House,90,,"Contest Totals ",183,50,112,21
Leslie,D103 Wilder,Commonwealth's Attorney,41,REP,Haley Jo FIELDS,135,41,79,15
Leslie,D103 Wilder,Commonwealth's Attorney,41,DEM,Jake ROBERTS,23,1,18,4
Leslie,D103 Wilder,Commonwealth's Attorney,41,,"Write-In Totals ",0,0,0,0
Leslie,D103 Wilder,Commonwealth's Attorney,41,,"Contest Totals ",183,50,112,21
Leslie,D103 Wilder,CIRCUIT COURT CLERK,Leslie County,REP,Carmolitta MORGAN-PACE,158,41,100,17
Leslie,D103 Wilder,CIRCUIT COURT CLERK,Leslie County,,"Write-In Totals ",0,0,0,0
Leslie,D103 Wilder,CIRCUIT COURT CLERK,Leslie County,,"Contest Totals ",183,50,112,21
Leslie,D103 Wilder,MEMBER OF BOARD OF EDUCATION,District 2,,"Brandon S. FIELDS ",84,21,49,14
Leslie,D103 Wilder,MEMBER OF BOARD OF EDUCATION,District 2,,"Neil LEWIS ",64,17,41,6
Leslie,D103 Wilder,MEMBER OF BOARD OF EDUCATION,District 2,,"Write-In Totals ",0,0,0,0
Leslie,D103 Wilder,MEMBER OF BOARD OF EDUCATION,District 2,,"Contest Totals ",183,50,112,21
Leslie,D103 Wilder,MEDICAL CANNABIS,,,"Yes ",119,28,79,12
Leslie,D103 Wilder,MEDICAL CANNABIS,,,"No ",44,15,23,6
Leslie,D103 Wilder,MEDICAL CANNABIS,,,"Contest Totals ",183,50,112,21
Leslie,D103 Wilder,Constitutional Amendment 1,,,Yes,100,28,68,4
Leslie,D103 Wilder,Constitutional Amendment 1,,,No,55,16,31,8
Leslie,D103 Wilder,Constitutional Amendment 1,,,Contest Totals,183,50,112,21
Leslie,D103 Wilder,Constitutional Amendment 2,,,Yes,53,13,37,3
Leslie,D103 Wilder,Constitutional Amendment 2,,,No,109,32,64,13
Leslie,D103 Wilder,Constitutional Amendment 2,,,Contest Totals,183,50,112,21
Leslie,D104 Midway,,,,Registered Voters,556,556,556,556
Leslie,D104 Midway,STRAIGHT PARTY,,REP,Republican Party,106,13,89,4
Leslie,D104 Midway,STRAIGHT PARTY,,DEM,Democratic Party,5,0,5,0
Leslie,D104 Midway,STRAIGHT PARTY,,KY,Kentucky Party,0,0,0,0
Leslie,D104 Midway,STRAIGHT PARTY,,LIB,Libertarian Party,0,0,0,0
Leslie,D104 Midway,STRAIGHT PARTY,,,"Contest Totals ",284,54,219,11
Leslie,D104 Midway,President,,REP,Donald J. TRUMP / JD VANCE,251,46,194,11
Leslie,D104 Midway,President,,DEM,Kamala D. HARRIS / Tim WALZ,23,4,19,0
Leslie,D104 Midway,President,,KY,Jill  STEIN / Samson KPADENOU,1,0,1,0
Leslie,D104 Midway,President,,IND,Robert F. KENNEDY JR. / Nicole SHANAHAN,6,2,4,0
Leslie,D104 Midway,President,,IND,Shiva AYYADURAI / Crystal ELLIS,1,0,1,0
Leslie,D104 Midway,President,,LIB,Chase OLIVER / Mike TER MAAT,1,1,0,0
Leslie,D104 Midway,President,,,"Write-In Totals ",0,0,0,0
Leslie,D104 Midway,President,,,"Contest Totals ",284,54,219,11
Leslie,D104 Midway,U.S. House,5,REP,Hal ROGERS,254,47,198,9
Leslie,D104 Midway,U.S. House,5,,"Write-In Totals ",2,0,2,0
Leslie,D104 Midway,U.S. House,5,,"Contest Totals ",284,54,219,11
Leslie,D104 Midway,State House,90,REP,Derek LEWIS,251,47,195,9
Leslie,D104 Midway,State House,90,,"Write-In Totals ",3,0,3,0
Leslie,D104 Midway,State House,90,,"Contest Totals ",284,54,219,11
Leslie,D104 Midway,Commonwealth's Attorney,41,REP,Haley Jo FIELDS,237,47,182,8
Leslie,D104 Midway,Commonwealth's Attorney,41,DEM,Jake ROBERTS,26,4,20,2
Leslie,D104 Midway,Commonwealth's Attorney,41,,"Write-In Totals ",0,0,0,0
Leslie,D104 Midway,Commonwealth's Attorney,41,,"Contest Totals ",284,54,219,11
Leslie,D104 Midway,CIRCUIT COURT CLERK,Leslie County,REP,Carmolitta MORGAN-PACE,257,49,199,9
Leslie,D104 Midway,CIRCUIT COURT CLERK,Leslie County,,"Write-In Totals ",0,0,0,0
Leslie,D104 Midway,CIRCUIT COURT CLERK,Leslie County,,"Contest Totals ",284,54,219,11
Leslie,D104 Midway,MEMBER OF BOARD OF EDUCATION,District 2,,"Brandon S. FIELDS ",118,28,86,4
Leslie,D104 Midway,MEMBER OF BOARD OF EDUCATION,District 2,,"Neil LEWIS ",124,20,100,4
Leslie,D104 Midway,MEMBER OF BOARD OF EDUCATION,District 2,,"Write-In Totals ",1,0,1,0
Leslie,D104 Midway,MEMBER OF BOARD OF EDUCATION,District 2,,"Contest Totals ",284,54,219,11
Leslie,D104 Midway,MEDICAL CANNABIS,,,"Yes ",182,33,144,5
Leslie,D104 Midway,MEDICAL CANNABIS,,,"No ",68,17,46,5
Leslie,D104 Midway,MEDICAL CANNABIS,,,"Contest Totals ",284,54,219,11
Leslie,D104 Midway,Constitutional Amendment 1,,,Yes,148,28,114,6
Leslie,D104 Midway,Constitutional Amendment 1,,,No,91,17,72,2
Leslie,D104 Midway,Constitutional Amendment 1,,,Contest Totals,284,54,219,11
Leslie,D104 Midway,Constitutional Amendment 2,,,Yes,87,20,66,1
Leslie,D104 Midway,Constitutional Amendment 2,,,No,165,27,131,7
Leslie,D104 Midway,Constitutional Amendment 2,,,Contest Totals,284,54,219,11
Leslie,D105 Bullskin,,,,Registered Voters,141,141,141,141
Leslie,D105 Bullskin,STRAIGHT PARTY,,REP,Republican Party,43,6,34,3
Leslie,D105 Bullskin,STRAIGHT PARTY,,DEM,Democratic Party,1,0,1,0
Leslie,D105 Bullskin,STRAIGHT PARTY,,KY,Kentucky Party,0,0,0,0
Leslie,D105 Bullskin,STRAIGHT PARTY,,LIB,Libertarian Party,0,0,0,0
Leslie,D105 Bullskin,STRAIGHT PARTY,,,"Contest Totals ",69,11,51,7
Leslie,D105 Bullskin,President,,REP,Donald J. TRUMP / JD VANCE,67,11,49,7
Leslie,D105 Bullskin,President,,DEM,Kamala D. HARRIS / Tim WALZ,2,0,2,0
Leslie,D105 Bullskin,President,,KY,Jill  STEIN / Samson KPADENOU,0,0,0,0
Leslie,D105 Bullskin,President,,IND,Robert F. KENNEDY JR. / Nicole SHANAHAN,0,0,0,0
Leslie,D105 Bullskin,President,,IND,Shiva AYYADURAI / Crystal ELLIS,0,0,0,0
Leslie,D105 Bullskin,President,,LIB,Chase OLIVER / Mike TER MAAT,0,0,0,0
Leslie,D105 Bullskin,President,,,"Write-In Totals ",0,0,0,0
Leslie,D105 Bullskin,President,,,"Contest Totals ",69,11,51,7
Leslie,D105 Bullskin,U.S. House,5,REP,Hal ROGERS,65,11,47,7
Leslie,D105 Bullskin,U.S. House,5,,"Write-In Totals ",1,0,1,0
Leslie,D105 Bullskin,U.S. House,5,,"Contest Totals ",69,11,51,7
Leslie,D105 Bullskin,State House,90,REP,Derek LEWIS,66,11,48,7
Leslie,D105 Bullskin,State House,90,,"Write-In Totals ",1,0,1,0
Leslie,D105 Bullskin,State House,90,,"Contest Totals ",69,11,51,7
Leslie,D105 Bullskin,Commonwealth's Attorney,41,REP,Haley Jo FIELDS,66,11,49,6
Leslie,D105 Bullskin,Commonwealth's Attorney,41,DEM,Jake ROBERTS,0,0,0,0
Leslie,D105 Bullskin,Commonwealth's Attorney,41,,"Write-In Totals ",0,0,0,0
Leslie,D105 Bullskin,Commonwealth's Attorney,41,,"Contest Totals ",69,11,51,7
Leslie,D105 Bullskin,CIRCUIT COURT CLERK,Leslie County,REP,Carmolitta MORGAN-PACE,67,11,49,7
Leslie,D105 Bullskin,CIRCUIT COURT CLERK,Leslie County,,"Write-In Totals ",0,0,0,0
Leslie,D105 Bullskin,CIRCUIT COURT CLERK,Leslie County,,"Contest Totals ",69,11,51,7
Leslie,D105 Bullskin,MEMBER OF BOARD OF EDUCATION,District 2,,"Brandon S. FIELDS ",17,4,11,2
Leslie,D105 Bullskin,MEMBER OF BOARD OF EDUCATION,District 2,,"Neil LEWIS ",36,5,26,5
Leslie,D105 Bullskin,MEMBER OF BOARD OF EDUCATION,District 2,,"Write-In Totals ",0,0,0,0
Leslie,D105 Bullskin,MEMBER OF BOARD OF EDUCATION,District 2,,"Contest Totals ",69,11,51,7
Leslie,D105 Bullskin,MEDICAL CANNABIS,,,"Yes ",31,6,25,0
Leslie,D105 Bullskin,MEDICAL CANNABIS,,,"No ",21,4,10,7
Leslie,D105 Bullskin,MEDICAL CANNABIS,,,"Contest Totals ",69,11,51,7
Leslie,D105 Bullskin,Constitutional Amendment 1,,,Yes,40,10,25,5
Leslie,D105 Bullskin,Constitutional Amendment 1,,,No,11,0,10,1
Leslie,D105 Bullskin,Constitutional Amendment 1,,,Contest Totals,69,11,51,7
Leslie,D105 Bullskin,Constitutional Amendment 2,,,Yes,27,6,17,4
Leslie,D105 Bullskin,Constitutional Amendment 2,,,No,29,5,22,2
Leslie,D105 Bullskin,Constitutional Amendment 2,,,Contest Totals,69,11,51,7
