A101,,,,,,,,329 ballots cast
STRAIGHT PARTY,,,,,,,,
Choice Party,Absentee Mail-In,Absentee Walk-In,,Early Voting,Election Day Voting,,Total,
Republican Party REP,16 100.00%,1 100.00%,,61 84.72%,53 77.94%,131,83.44%,
Democratic Party DEM,0 0.00%,0 0.00%,,11 15.28%,14 20.59%,25,15.92%,
Kentucky Party KY,0 0.00%,0 0.00%,,0 0.00%,1 1.47%,1,0.64%,
Libertarian Party LIB,0 0.00%,0 0.00%,,0 0.00%,0 0.00%,0,0.00%,
Cast Votes:,16 100.00%,1 100.00%,,72 100.00%,68 100.00%,157,100.00%,
Undervotes:,10,0,,85,77,172,,
Overvotes:,0,0,,0,0,0,,
PRESIDENT and VICE PRESIDENT of the UNITED STATES - (Vote for One),,,,,,,,
Choice Party,Absentee Mail-In,Absentee Walk-In,,Early Voting,Election Day Voting,,Total,
Donald J. TRUMP REP,23 92.00%,1 100.00%,,130 84.42%,105 74.47%,259,80.69%,
J. D. VANCE,,,,,,,,
Kamala D. HARRIS DEM,2 8.00%,0 0.00%,,24 15.58%,33 23.40%,59,18.38%,
Tim WALZ,,,,,,,,
Jill STEIN KY,0 0.00%,0 0.00%,,0 0.00%,0 0.00%,0,0.00%,
Samson KPADENOU,,,,,,,,
Robert F. KENNEDY JR. IND,0 0.00%,0 0.00%,,0 0.00%,2 1.42%,2,0.62%,
Nicole SHANAHAN,,,,,,,,
Shiva AYYADURAI IND,0 0.00%,0 0.00%,,0 0.00%,1 0.71%,1,0.31%,
Crystal ELLIS,,,,,,,,
Chase OLIVER LIB,0 0.00%,0 0.00%,,0 0.00%,0 0.00%,0,0.00%,
Mike TER MAAT,,,,,,,,
ANDRE ROMAN MCNEIL SR -,0 0.00%,0 0.00%,,0 0.00%,0 0.00%,0,0.00%,
ROSCHELLE MCNEIL (W),,,,,,,,
BILLY KELLEY JR - JASON HOLDEMAN,0 0.00%,0 0.00%,,0 0.00%,0 0.00%,0,0.00%,
"(W)",,,,,,,,
A101,,,,,329 ballots cast
PRESIDENT and VICE PRESIDENT of the UNITED STATES - (Vote for One),,,,,
Choice Party Absentee Mail-In Absentee Walk-In,Early Voting,Election Day Voting,,Total,
CHERUNDA FOX - HARLAN MCVAY JR 0 0.00% 0 0.00%,0 0.00%,0 0.00%,0,0.00%,
"(W)",,,,,
CLAUDIA DE la CRUZ - CARINA 0 0.00% 0 0.00%,0 0.00%,0 0.00%,0,0.00%,
GARCIA (W),,,,,
CORNEL WEST - MELINA ABDULLAH 0 0.00% 0 0.00%,0 0.00%,0 0.00%,0,0.00%,
"(W)",,,,,
FUTURE MADAM POTUS - JESSICA 0 0.00% 0 0.00%,0 0.00%,0 0.00%,0,0.00%,
KENNEDY (W),,,,,
JAMES D. SODERNA - MATTHEW J. 0 0.00% 0 0.00%,0 0.00%,0 0.00%,0,0.00%,
TREWHELLA (W),,,,,
JAY.BOWMAN - DE BOWMAN (W) 0 0.00% 0 0.00%,0 0.00%,0 0.00%,0,0.00%,
JOHN CHENG - WAYNE WALIGORSKI 0 0.00% 0 0.00%,0 0.00%,0 0.00%,0,0.00%,
"(W)",,,,,
JOSEPH KISHORE - JERRY WHITE (W) 0 0.00% 0 0.00%,0 0.00%,0 0.00%,0,0.00%,
PETER SONSKI - LAUREN ONAK (W) 0 0.00% 0 0.00%,0 0.00%,0 0.00%,0,0.00%,
Cast Votes: 25 100.00% 1 100.00%,154 100.00%,141 100.00%,321,100.00%,
Undervotes: 1 0,3,4,8,,
Overvotes: 0 0,0,0,0,,
A101,,,,329 ballots cast
UNITED STATES REPRESENTATIVE in CONGRESS 1st Congressional District - (Vote for One),,,,
Choice Party Absentee Mail-In Absentee Walk-In Early Voting,Election Day Voting,,Total,
James R. COMER REP 25 96.15% 1 100.00% 131 88.51%,113 81.29%,270,85.99%,
Erin MARSHALL DEM 1 3.85% 0 0.00% 17 11.49%,26 18.71%,44,14.01%,
Cast Votes: 26 100.00% 1 100.00% 148 100.00%,139 100.00%,314,100.00%,
Undervotes: 0 0 9,6,15,,
Overvotes: 0 0 0,0,0,,
STATE SENATOR 15th Senatorial District - (Vote for One),,,,
Choice Party Absentee Mail-In Absentee Walk-In Early Voting,Election Day Voting,,Total,
Rick GIRDLER REP 25 100.00% 1 100.00% 99 100.00%,98 100.00%,223,100.00%,
Cast Votes: 25 100.00% 1 100.00% 99 100.00%,98 100.00%,223,100.00%,
Undervotes: 1 0 58,47,106,,
Overvotes: 0 0 0,0,0,,
STATE REPRESENTATIVE 21st Representative District - (Vote for One),,,,
Choice Party Absentee Mail-In Absentee Walk-In Early Voting,Election Day Voting,,Total,
Amy NEIGHBORS REP 23 88.46% 1 100.00% 120 80.00%,103 74.64%,247,78.41%,
Jeffery HUMBLE DEM 3 11.54% 0 0.00% 30 20.00%,35 25.36%,68,21.59%,
Cast Votes: 26 100.00% 1 100.00% 150 100.00%,138 100.00%,315,100.00%,
Undervotes: 0 0 7,5,12,,
Overvotes: 0 0 0,2,2,,
A101,,,,,329 ballots cast
COMMONWEALTH'S ATTORNEY 40th Judicial Circuit - (Vote for One),,,,,
Choice Party Absentee Mail-In Absentee Walk-In,Early Voting,Election Day Voting,,Total,
Jesse M. STOCKTON JR. REP 25 100.00% 1 100.00%,106 100.00%,110 100.00%,242,100.00%,
Cast Votes: 25 100.00% 1 100.00%,106 100.00%,110 100.00%,242,100.00%,
Undervotes: 1 0,51,35,87,,
Overvotes: 0 0,0,0,0,,
CIRCUIT CLERK - (Vote for One),,,,,
Choice Party Absentee Mail-In Absentee Walk-In,Early Voting,Election Day Voting,,Total,
Tracy Brewington DANIELS REP 24 100.00% 1 100.00%,121 100.00%,118 100.00%,264,100.00%,
Cast Votes: 24 100.00% 1 100.00%,121 100.00%,118 100.00%,264,100.00%,
Undervotes: 2 0,36,27,65,,
Overvotes: 0 0,0,0,0,,
COUNTY SURVEYOR (Unexpired Term) - (Vote for One),,,,,
Choice Party Absentee Mail-In Absentee Walk-In,Early Voting,Election Day Voting,,Total,
0 0.00% 0 0.00%,0 0.00%,0 0.00%,0,0.00%,
Cast Votes: 0 0.00% 0 0.00%,0 0.00%,0 0.00%,0,0.00%,
Undervotes: 26 1,157,145,329,,
Overvotes: 0 0,0,0,0,,
A101,,,,,329 ballots cast
MEMBER BOARD of EDUCATION 1st Educational District - (Vote for One),,,,,
Choice Party Absentee Mail-In Absentee Walk-In,Early Voting,Election Day Voting,,Total,
Kristy F. WILLIAMS 14 100.00% 1 100.00%,100 100.00%,105 100.00%,220,100.00%,
Cast Votes: 14 100.00% 1 100.00%,100 100.00%,105 100.00%,220,100.00%,
Undervotes: 12 0,57,40,109,,
Overvotes: 0 0,0,0,0,,
CITY COUNCIL City of Burkesville - (Vote for up to Six),,,,,
Choice Party Absentee Mail-In Absentee Walk-In,Early Voting,Election Day Voting,,Total,
Glen Allen MURPHY 18 15.93% 0 0.00%,115 18.23%,107 20.04%,240,18.78%,
Doug RADFORD 20 17.70% 0 0.00%,91 14.42%,73 13.67%,184,14.40%,
Trevor James OWSLEY 15 13.27% 0 0.00%,79 12.52%,77 14.42%,171,13.38%,
Josh POLSTON 14 12.39% 0 0.00%,73 11.57%,53 9.93%,140,10.95%,
Jamie ALLEN 16 14.16% 0 0.00%,92 14.58%,82 15.36%,190,14.87%,
Connie CRAVENS 17 15.04% 0 0.00%,108 17.12%,89 16.67%,214,16.74%,
Shawn RIDDLE 13 11.50% 0 0.00%,73 11.57%,53 9.93%,139,10.88%,
Cast Votes: 113 100.00% 0 0.00%,631 100.00%,534 100.00%,"1,278",100.00%,
Undervotes: 43 6,311,336,696,,
Overvotes: 0 0,0,0,0,,
A101,,,,,,,329 ballots cast
QUESTION-BURKESVILLE CANNABIS,,,,,,,
Choice Party,Absentee Mail-In,Absentee Walk-In,Early Voting,Election Day Voting,,Total,
YES,8 36.36%,0 0.00%,66 50.38%,84 66.67%,158,56.43%,
NO,14 63.64%,1 100.00%,65 49.62%,42 33.33%,122,43.57%,
Cast Votes:,22 100.00%,1 100.00%,131 100.00%,126 100.00%,280,100.00%,
Undervotes:,4,0,26,19,49,,
Overvotes:,0,0,0,0,0,,
CONSTITUTIONAL AMENDMENT 1,,,,,,,
Choice Party,Absentee Mail-In,Absentee Walk-In,Early Voting,Election Day Voting,,Total,
YES,11 57.89%,1 100.00%,73 59.84%,64 57.14%,149,58.66%,
NO,8 42.11%,0 0.00%,49 40.16%,48 42.86%,105,41.34%,
Cast Votes:,19 100.00%,1 100.00%,122 100.00%,112 100.00%,254,100.00%,
Undervotes:,7,0,34,33,74,,
Overvotes:,0,0,1,0,1,,
CONSTITUTIONAL AMENDMENT 2,,,,,,,
Choice Party,Absentee Mail-In,Absentee Walk-In,Early Voting,Election Day Voting,,Total,
YES,11 52.38%,1 100.00%,56 39.72%,30 23.08%,98,33.45%,
NO,10 47.62%,0 0.00%,85 60.28%,100 76.92%,195,66.55%,
Cast Votes:,21 100.00%,1 100.00%,141 100.00%,130 100.00%,293,100.00%,
Undervotes:,5,0,16,15,36,,
Overvotes:,0,0,0,0,0,,
A102,,,,,,,,561 ballots cast
STRAIGHT PARTY,,,,,,,,
Choice Party,Absentee Mail-In,Absentee Walk-In,,Early Voting,Election Day Voting,,Total,
Republican Party REP,17 89.47%,3 100.00%,,74 91.36%,172 91.98%,266,91.72%,
Democratic Party DEM,2 10.53%,0 0.00%,,7 8.64%,12 6.42%,21,7.24%,
Kentucky Party KY,0 0.00%,0 0.00%,,0 0.00%,3 1.60%,3,1.03%,
Libertarian Party LIB,0 0.00%,0 0.00%,,0 0.00%,0 0.00%,0,0.00%,
Cast Votes:,19 100.00%,3 100.00%,,81 100.00%,187 100.00%,290,100.00%,
Undervotes:,7,3,,85,176,271,,
Overvotes:,0,0,,0,0,0,,
PRESIDENT and VICE PRESIDENT of the UNITED STATES - (Vote for One),,,,,,,,
Choice Party,Absentee Mail-In,Absentee Walk-In,,Early Voting,Election Day Voting,,Total,
Donald J. TRUMP REP,21 80.77%,6 100.00%,,137 82.53%,322 89.20%,486,86.94%,
J. D. VANCE,,,,,,,,
Kamala D. HARRIS DEM,5 19.23%,0 0.00%,,26 15.66%,36 9.97%,67,11.99%,
Tim WALZ,,,,,,,,
Jill STEIN KY,0 0.00%,0 0.00%,,0 0.00%,1 0.28%,1,0.18%,
Samson KPADENOU,,,,,,,,
Robert F. KENNEDY JR. IND,0 0.00%,0 0.00%,,1 0.60%,1 0.28%,2,0.36%,
Nicole SHANAHAN,,,,,,,,
Shiva AYYADURAI IND,0 0.00%,0 0.00%,,1 0.60%,0 0.00%,1,0.18%,
Crystal ELLIS,,,,,,,,
Chase OLIVER LIB,0 0.00%,0 0.00%,,0 0.00%,1 0.28%,1,0.18%,
Mike TER MAAT,,,,,,,,
ANDRE ROMAN MCNEIL SR -,0 0.00%,0 0.00%,,0 0.00%,0 0.00%,0,0.00%,
ROSCHELLE MCNEIL (W),,,,,,,,
BILLY KELLEY JR - JASON HOLDEMAN,0 0.00%,0 0.00%,,0 0.00%,0 0.00%,0,0.00%,
"(W)",,,,,,,,
A102,,,,,561 ballots cast
PRESIDENT and VICE PRESIDENT of the UNITED STATES - (Vote for One),,,,,
Choice Party Absentee Mail-In Absentee Walk-In,Early Voting,Election Day Voting,,Total,
CHERUNDA FOX - HARLAN MCVAY JR 0 0.00% 0 0.00%,0 0.00%,0 0.00%,0,0.00%,
"(W)",,,,,
CLAUDIA DE la CRUZ - CARINA 0 0.00% 0 0.00%,0 0.00%,0 0.00%,0,0.00%,
GARCIA (W),,,,,
CORNEL WEST - MELINA ABDULLAH 0 0.00% 0 0.00%,0 0.00%,0 0.00%,0,0.00%,
"(W)",,,,,
FUTURE MADAM POTUS - JESSICA 0 0.00% 0 0.00%,0 0.00%,0 0.00%,0,0.00%,
KENNEDY (W),,,,,
JAMES D. SODERNA - MATTHEW J. 0 0.00% 0 0.00%,0 0.00%,0 0.00%,0,0.00%,
TREWHELLA (W),,,,,
JAY.BOWMAN - DE BOWMAN (W) 0 0.00% 0 0.00%,0 0.00%,0 0.00%,0,0.00%,
JOHN CHENG - WAYNE WALIGORSKI 0 0.00% 0 0.00%,0 0.00%,0 0.00%,0,0.00%,
"(W)",,,,,
JOSEPH KISHORE - JERRY WHITE (W) 0 0.00% 0 0.00%,0 0.00%,0 0.00%,0,0.00%,
PETER SONSKI - LAUREN ONAK (W) 0 0.00% 0 0.00%,1 0.60%,0 0.00%,1,0.18%,
Cast Votes: 26 100.00% 6 100.00%,166 100.00%,361 100.00%,559,100.00%,
Undervotes: 0 0,0,2,2,,
Overvotes: 0 0,0,0,0,,
A102,,,,561 ballots cast
UNITED STATES REPRESENTATIVE in CONGRESS 1st Congressional District - (Vote for One),,,,
Choice Party Absentee Mail-In Absentee Walk-In Early Voting,Election Day Voting,,Total,
James R. COMER REP 21 84.00% 6 100.00% 146 89.02%,330 92.18%,503,90.96%,
Erin MARSHALL DEM 4 16.00% 0 0.00% 18 10.98%,28 7.82%,50,9.04%,
Cast Votes: 25 100.00% 6 100.00% 164 100.00%,358 100.00%,553,100.00%,
Undervotes: 1 0 2,5,8,,
Overvotes: 0 0 0,0,0,,
STATE SENATOR 15th Senatorial District - (Vote for One),,,,
Choice Party Absentee Mail-In Absentee Walk-In Early Voting,Election Day Voting,,Total,
Rick GIRDLER REP 19 100.00% 6 100.00% 126 100.00%,294 100.00%,445,100.00%,
Cast Votes: 19 100.00% 6 100.00% 126 100.00%,294 100.00%,445,100.00%,
Undervotes: 7 0 40,69,116,,
Overvotes: 0 0 0,0,0,,
STATE REPRESENTATIVE 21st Representative District - (Vote for One),,,,
Choice Party Absentee Mail-In Absentee Walk-In Early Voting,Election Day Voting,,Total,
Amy NEIGHBORS REP 21 80.77% 6 100.00% 132 81.48%,299 86.17%,458,84.66%,
Jeffery HUMBLE DEM 5 19.23% 0 0.00% 30 18.52%,48 13.83%,83,15.34%,
Cast Votes: 26 100.00% 6 100.00% 162 100.00%,347 100.00%,541,100.00%,
Undervotes: 0 0 4,16,20,,
Overvotes: 0 0 0,0,0,,
A102,,,,,561 ballots cast
COMMONWEALTH'S ATTORNEY 40th Judicial Circuit - (Vote for One),,,,,
Choice Party Absentee Mail-In Absentee Walk-In,Early Voting,Election Day Voting,,Total,
Jesse M. STOCKTON JR. REP 20 100.00% 6 100.00%,131 100.00%,297 100.00%,454,100.00%,
Cast Votes: 20 100.00% 6 100.00%,131 100.00%,297 100.00%,454,100.00%,
Undervotes: 6 0,35,66,107,,
Overvotes: 0 0,0,0,0,,
CIRCUIT CLERK - (Vote for One),,,,,
Choice Party Absentee Mail-In Absentee Walk-In,Early Voting,Election Day Voting,,Total,
Tracy Brewington DANIELS REP 22 100.00% 6 100.00%,135 100.00%,305 100.00%,468,100.00%,
Cast Votes: 22 100.00% 6 100.00%,135 100.00%,305 100.00%,468,100.00%,
Undervotes: 4 0,31,58,93,,
Overvotes: 0 0,0,0,0,,
COUNTY SURVEYOR (Unexpired Term) - (Vote for One),,,,,
Choice Party Absentee Mail-In Absentee Walk-In,Early Voting,Election Day Voting,,Total,
0 0.00% 0 0.00%,0 0.00%,0 0.00%,0,0.00%,
Cast Votes: 0 0.00% 0 0.00%,0 0.00%,0 0.00%,0,0.00%,
Undervotes: 26 6,166,363,561,,
Overvotes: 0 0,0,0,0,,
A102,,,,,561 ballots cast
MEMBER BOARD of EDUCATION 1st Educational District - (Vote for One),,,,,
Choice Party Absentee Mail-In Absentee Walk-In,Early Voting,Election Day Voting,,Total,
Kristy F. WILLIAMS 15 100.00% 3 100.00%,95 100.00%,239 100.00%,352,100.00%,
Cast Votes: 15 100.00% 3 100.00%,95 100.00%,239 100.00%,352,100.00%,
Undervotes: 11 3,71,124,209,,
Overvotes: 0 0,0,0,0,,
CONSTITUTIONAL AMENDMENT 1,,,,,
Choice Party Absentee Mail-In Absentee Walk-In,Early Voting,Election Day Voting,,Total,
YES 12 60.00% 5 83.33%,93 69.40%,225 72.58%,335,71.28%,
NO 8 40.00% 1 16.67%,41 30.60%,85 27.42%,135,28.72%,
Cast Votes: 20 100.00% 6 100.00%,134 100.00%,310 100.00%,470,100.00%,
Undervotes: 6 0,32,51,89,,
Overvotes: 0 0,0,2,2,,
CONSTITUTIONAL AMENDMENT 2,,,,,
Choice Party Absentee Mail-In Absentee Walk-In,Early Voting,Election Day Voting,,Total,
YES 9 37.50% 4 80.00%,51 34.93%,129 40.19%,193,38.91%,
NO 15 62.50% 1 20.00%,95 65.07%,192 59.81%,303,61.09%,
Cast Votes: 24 100.00% 5 100.00%,146 100.00%,321 100.00%,496,100.00%,
Undervotes: 2 1,20,42,65,,
Overvotes: 0 0,0,0,0,,
B101,,,,,,,,269 ballots cast
STRAIGHT PARTY,,,,,,,,
Choice Party,Absentee Mail-In,Absentee Walk-In,,Early Voting,Election Day Voting,,Total,
Republican Party REP,10 76.92%,3 100.00%,,43 75.44%,62 89.86%,118,83.10%,
Democratic Party DEM,3 23.08%,0 0.00%,,13 22.81%,7 10.14%,23,16.20%,
Kentucky Party KY,0 0.00%,0 0.00%,,0 0.00%,0 0.00%,0,0.00%,
Libertarian Party LIB,0 0.00%,0 0.00%,,1 1.75%,0 0.00%,1,0.70%,
Cast Votes:,13 100.00%,3 100.00%,,57 100.00%,69 100.00%,142,100.00%,
Undervotes:,19,2,,55,49,125,,
Overvotes:,2,0,,0,0,2,,
PRESIDENT and VICE PRESIDENT of the UNITED STATES - (Vote for One),,,,,,,,
Choice Party,Absentee Mail-In,Absentee Walk-In,,Early Voting,Election Day Voting,,Total,
Donald J. TRUMP REP,24 70.59%,5 100.00%,,89 79.46%,102 87.93%,220,82.40%,
J. D. VANCE,,,,,,,,
Kamala D. HARRIS DEM,9 26.47%,0 0.00%,,22 19.64%,11 9.48%,42,15.73%,
Tim WALZ,,,,,,,,
Jill STEIN KY,0 0.00%,0 0.00%,,0 0.00%,0 0.00%,0,0.00%,
Samson KPADENOU,,,,,,,,
Robert F. KENNEDY JR. IND,1 2.94%,0 0.00%,,0 0.00%,3 2.59%,4,1.50%,
Nicole SHANAHAN,,,,,,,,
Shiva AYYADURAI IND,0 0.00%,0 0.00%,,0 0.00%,0 0.00%,0,0.00%,
Crystal ELLIS,,,,,,,,
Chase OLIVER LIB,0 0.00%,0 0.00%,,1 0.89%,0 0.00%,1,0.37%,
Mike TER MAAT,,,,,,,,
ANDRE ROMAN MCNEIL SR -,0 0.00%,0 0.00%,,0 0.00%,0 0.00%,0,0.00%,
ROSCHELLE MCNEIL (W),,,,,,,,
BILLY KELLEY JR - JASON HOLDEMAN,0 0.00%,0 0.00%,,0 0.00%,0 0.00%,0,0.00%,
"(W)",,,,,,,,
B101,,,,,269 ballots cast
PRESIDENT and VICE PRESIDENT of the UNITED STATES - (Vote for One),,,,,
Choice Party Absentee Mail-In Absentee Walk-In,Early Voting,Election Day Voting,,Total,
CHERUNDA FOX - HARLAN MCVAY JR 0 0.00% 0 0.00%,0 0.00%,0 0.00%,0,0.00%,
"(W)",,,,,
CLAUDIA DE la CRUZ - CARINA 0 0.00% 0 0.00%,0 0.00%,0 0.00%,0,0.00%,
GARCIA (W),,,,,
CORNEL WEST - MELINA ABDULLAH 0 0.00% 0 0.00%,0 0.00%,0 0.00%,0,0.00%,
"(W)",,,,,
FUTURE MADAM POTUS - JESSICA 0 0.00% 0 0.00%,0 0.00%,0 0.00%,0,0.00%,
KENNEDY (W),,,,,
JAMES D. SODERNA - MATTHEW J. 0 0.00% 0 0.00%,0 0.00%,0 0.00%,0,0.00%,
TREWHELLA (W),,,,,
JAY.BOWMAN - DE BOWMAN (W) 0 0.00% 0 0.00%,0 0.00%,0 0.00%,0,0.00%,
JOHN CHENG - WAYNE WALIGORSKI 0 0.00% 0 0.00%,0 0.00%,0 0.00%,0,0.00%,
"(W)",,,,,
JOSEPH KISHORE - JERRY WHITE (W) 0 0.00% 0 0.00%,0 0.00%,0 0.00%,0,0.00%,
PETER SONSKI - LAUREN ONAK (W) 0 0.00% 0 0.00%,0 0.00%,0 0.00%,0,0.00%,
Cast Votes: 34 100.00% 5 100.00%,112 100.00%,116 100.00%,267,100.00%,
Undervotes: 0 0,0,2,2,,
Overvotes: 0 0,0,0,0,,
B101,,,,269 ballots cast
UNITED STATES REPRESENTATIVE in CONGRESS 1st Congressional District - (Vote for One),,,,
Choice Party Absentee Mail-In Absentee Walk-In Early Voting,Election Day Voting,,Total,
James R. COMER REP 24 75.00% 3 60.00% 90 81.82%,98 87.50%,215,83.01%,
Erin MARSHALL DEM 8 25.00% 2 40.00% 20 18.18%,14 12.50%,44,16.99%,
Cast Votes: 32 100.00% 5 100.00% 110 100.00%,112 100.00%,259,100.00%,
Undervotes: 2 0 2,5,9,,
Overvotes: 0 0 0,1,1,,
STATE SENATOR 15th Senatorial District - (Vote for One),,,,
Choice Party Absentee Mail-In Absentee Walk-In Early Voting,Election Day Voting,,Total,
Rick GIRDLER REP 23 100.00% 4 100.00% 80 100.00%,100 100.00%,207,100.00%,
Cast Votes: 23 100.00% 4 100.00% 80 100.00%,100 100.00%,207,100.00%,
Undervotes: 11 1 32,18,62,,
Overvotes: 0 0 0,0,0,,
STATE REPRESENTATIVE 21st Representative District - (Vote for One),,,,
Choice Party Absentee Mail-In Absentee Walk-In Early Voting,Election Day Voting,,Total,
Amy NEIGHBORS REP 25 80.65% 5 100.00% 83 76.15%,96 85.71%,209,81.32%,
Jeffery HUMBLE DEM 6 19.35% 0 0.00% 26 23.85%,16 14.29%,48,18.68%,
Cast Votes: 31 100.00% 5 100.00% 109 100.00%,112 100.00%,257,100.00%,
Undervotes: 3 0 3,6,12,,
Overvotes: 0 0 0,0,0,,
B101,,,,,269 ballots cast
COMMONWEALTH'S ATTORNEY 40th Judicial Circuit - (Vote for One),,,,,
Choice Party Absentee Mail-In Absentee Walk-In,Early Voting,Election Day Voting,,Total,
Jesse M. STOCKTON JR. REP 22 100.00% 4 100.00%,80 100.00%,104 100.00%,210,100.00%,
Cast Votes: 22 100.00% 4 100.00%,80 100.00%,104 100.00%,210,100.00%,
Undervotes: 12 1,32,14,59,,
Overvotes: 0 0,0,0,0,,
CIRCUIT CLERK - (Vote for One),,,,,
Choice Party Absentee Mail-In Absentee Walk-In,Early Voting,Election Day Voting,,Total,
Tracy Brewington DANIELS REP 27 100.00% 4 100.00%,87 100.00%,110 100.00%,228,100.00%,
Cast Votes: 27 100.00% 4 100.00%,87 100.00%,110 100.00%,228,100.00%,
Undervotes: 7 1,25,8,41,,
Overvotes: 0 0,0,0,0,,
COUNTY SURVEYOR (Unexpired Term) - (Vote for One),,,,,
Choice Party Absentee Mail-In Absentee Walk-In,Early Voting,Election Day Voting,,Total,
0 0.00% 0 0.00%,0 0.00%,0 0.00%,0,0.00%,
Cast Votes: 0 0.00% 0 0.00%,0 0.00%,0 0.00%,0,0.00%,
Undervotes: 34 5,112,118,269,,
Overvotes: 0 0,0,0,0,,
B101,,,,,269 ballots cast
MEMBER BOARD of EDUCATION 1st Educational District - (Vote for One),,,,,
Choice Party Absentee Mail-In Absentee Walk-In,Early Voting,Election Day Voting,,Total,
Kristy F. WILLIAMS 6 100.00% 0 0.00%,12 100.00%,22 100.00%,40,100.00%,
Cast Votes: 6 100.00% 0 0.00%,12 100.00%,22 100.00%,40,100.00%,
Undervotes: 8 0,10,12,30,,
Overvotes: 0 0,0,0,0,,
CITY COUNCIL City of Burkesville - (Vote for up to Six),,,,,
Choice Party Absentee Mail-In Absentee Walk-In,Early Voting,Election Day Voting,,Total,
Glen Allen MURPHY 19 14.73% 0 0.00%,35 17.68%,38 19.90%,92,17.76%,
Doug RADFORD 17 13.18% 0 0.00%,33 16.67%,28 14.66%,78,15.06%,
Trevor James OWSLEY 24 18.60% 0 0.00%,21 10.61%,30 15.71%,75,14.48%,
Josh POLSTON 17 13.18% 0 0.00%,24 12.12%,19 9.95%,60,11.58%,
Jamie ALLEN 19 14.73% 0 0.00%,32 16.16%,30 15.71%,81,15.64%,
Connie CRAVENS 21 16.28% 0 0.00%,38 19.19%,28 14.66%,87,16.80%,
Shawn RIDDLE 12 9.30% 0 0.00%,15 7.58%,18 9.42%,45,8.69%,
Cast Votes: 129 100.00% 0 0.00%,198 100.00%,191 100.00%,518,100.00%,
Undervotes: 51 0,168,241,460,,
Overvotes: 0 0,0,0,0,,
B101,,,,,,,269 ballots cast
QUESTION-BURKESVILLE CANNABIS,,,,,,,
Choice Party,Absentee Mail-In,Absentee Walk-In,Early Voting,Election Day Voting,,Total,
YES,9 36.00%,0 0.00%,28 54.90%,46 74.19%,83,60.14%,
NO,16 64.00%,0 0.00%,23 45.10%,16 25.81%,55,39.86%,
Cast Votes:,25 100.00%,0 0.00%,51 100.00%,62 100.00%,138,100.00%,
Undervotes:,5,0,10,10,25,,
Overvotes:,0,0,0,0,0,,
CONSTITUTIONAL AMENDMENT 1,,,,,,,
Choice Party,Absentee Mail-In,Absentee Walk-In,Early Voting,Election Day Voting,,Total,
YES,9 34.62%,3 60.00%,59 63.44%,72 73.47%,143,64.41%,
NO,17 65.38%,2 40.00%,34 36.56%,26 26.53%,79,35.59%,
Cast Votes:,26 100.00%,5 100.00%,93 100.00%,98 100.00%,222,100.00%,
Undervotes:,8,0,18,19,45,,
Overvotes:,0,0,1,1,2,,
CONSTITUTIONAL AMENDMENT 2,,,,,,,
Choice Party,Absentee Mail-In,Absentee Walk-In,Early Voting,Election Day Voting,,Total,
YES,9 37.50%,0 0.00%,37 39.36%,51 49.51%,97,43.30%,
NO,15 62.50%,3 100.00%,57 60.64%,52 50.49%,127,56.70%,
Cast Votes:,24 100.00%,3 100.00%,94 100.00%,103 100.00%,224,100.00%,
Undervotes:,9,2,18,15,44,,
Overvotes:,1,0,0,0,1,,
B102,,,,,,,,243 ballots cast
STRAIGHT PARTY,,,,,,,,
Choice Party,Absentee Mail-In,Absentee Walk-In,,Early Voting,Election Day Voting,,Total,
Republican Party REP,7 100.00%,1 100.00%,,54 93.10%,84 93.33%,146,93.59%,
Democratic Party DEM,0 0.00%,0 0.00%,,3 5.17%,3 3.33%,6,3.85%,
Kentucky Party KY,0 0.00%,0 0.00%,,0 0.00%,2 2.22%,2,1.28%,
Libertarian Party LIB,0 0.00%,0 0.00%,,1 1.72%,1 1.11%,2,1.28%,
Cast Votes:,7 100.00%,1 100.00%,,58 100.00%,90 100.00%,156,100.00%,
Undervotes:,4,0,,36,47,87,,
Overvotes:,0,0,,0,0,0,,
PRESIDENT and VICE PRESIDENT of the UNITED STATES - (Vote for One),,,,,,,,
Choice Party,Absentee Mail-In,Absentee Walk-In,,Early Voting,Election Day Voting,,Total,
Donald J. TRUMP REP,9 81.82%,1 100.00%,,84 90.32%,123 89.78%,217,89.67%,
J. D. VANCE,,,,,,,,
Kamala D. HARRIS DEM,2 18.18%,0 0.00%,,8 8.60%,13 9.49%,23,9.50%,
Tim WALZ,,,,,,,,
Jill STEIN KY,0 0.00%,0 0.00%,,0 0.00%,0 0.00%,0,0.00%,
Samson KPADENOU,,,,,,,,
Robert F. KENNEDY JR. IND,0 0.00%,0 0.00%,,1 1.08%,1 0.73%,2,0.83%,
Nicole SHANAHAN,,,,,,,,
Shiva AYYADURAI IND,0 0.00%,0 0.00%,,0 0.00%,0 0.00%,0,0.00%,
Crystal ELLIS,,,,,,,,
Chase OLIVER LIB,0 0.00%,0 0.00%,,0 0.00%,0 0.00%,0,0.00%,
Mike TER MAAT,,,,,,,,
ANDRE ROMAN MCNEIL SR -,0 0.00%,0 0.00%,,0 0.00%,0 0.00%,0,0.00%,
ROSCHELLE MCNEIL (W),,,,,,,,
BILLY KELLEY JR - JASON HOLDEMAN,0 0.00%,0 0.00%,,0 0.00%,0 0.00%,0,0.00%,
"(W)",,,,,,,,
B102,,,,,243 ballots cast
PRESIDENT and VICE PRESIDENT of the UNITED STATES - (Vote for One),,,,,
Choice Party Absentee Mail-In Absentee Walk-In,Early Voting,Election Day Voting,,Total,
CHERUNDA FOX - HARLAN MCVAY JR 0 0.00% 0 0.00%,0 0.00%,0 0.00%,0,0.00%,
"(W)",,,,,
CLAUDIA DE la CRUZ - CARINA 0 0.00% 0 0.00%,0 0.00%,0 0.00%,0,0.00%,
GARCIA (W),,,,,
CORNEL WEST - MELINA ABDULLAH 0 0.00% 0 0.00%,0 0.00%,0 0.00%,0,0.00%,
"(W)",,,,,
FUTURE MADAM POTUS - JESSICA 0 0.00% 0 0.00%,0 0.00%,0 0.00%,0,0.00%,
KENNEDY (W),,,,,
JAMES D. SODERNA - MATTHEW J. 0 0.00% 0 0.00%,0 0.00%,0 0.00%,0,0.00%,
TREWHELLA (W),,,,,
JAY.BOWMAN - DE BOWMAN (W) 0 0.00% 0 0.00%,0 0.00%,0 0.00%,0,0.00%,
JOHN CHENG - WAYNE WALIGORSKI 0 0.00% 0 0.00%,0 0.00%,0 0.00%,0,0.00%,
"(W)",,,,,
JOSEPH KISHORE - JERRY WHITE (W) 0 0.00% 0 0.00%,0 0.00%,0 0.00%,0,0.00%,
PETER SONSKI - LAUREN ONAK (W) 0 0.00% 0 0.00%,0 0.00%,0 0.00%,0,0.00%,
Cast Votes: 11 100.00% 1 100.00%,93 100.00%,137 100.00%,242,100.00%,
Undervotes: 0 0,1,0,1,,
Overvotes: 0 0,0,0,0,,
B102,,,,243 ballots cast
UNITED STATES REPRESENTATIVE in CONGRESS 1st Congressional District - (Vote for One),,,,
Choice Party Absentee Mail-In Absentee Walk-In Early Voting,Election Day Voting,,Total,
James R. COMER REP 9 81.82% 1 100.00% 86 92.47%,124 93.23%,220,92.44%,
Erin MARSHALL DEM 2 18.18% 0 0.00% 7 7.53%,9 6.77%,18,7.56%,
Cast Votes: 11 100.00% 1 100.00% 93 100.00%,133 100.00%,238,100.00%,
Undervotes: 0 0 1,4,5,,
Overvotes: 0 0 0,0,0,,
STATE SENATOR 15th Senatorial District - (Vote for One),,,,
Choice Party Absentee Mail-In Absentee Walk-In Early Voting,Election Day Voting,,Total,
Rick GIRDLER REP 10 100.00% 1 100.00% 81 100.00%,118 100.00%,210,100.00%,
Cast Votes: 10 100.00% 1 100.00% 81 100.00%,118 100.00%,210,100.00%,
Undervotes: 1 0 13,19,33,,
Overvotes: 0 0 0,0,0,,
STATE REPRESENTATIVE 21st Representative District - (Vote for One),,,,
Choice Party Absentee Mail-In Absentee Walk-In Early Voting,Election Day Voting,,Total,
Amy NEIGHBORS REP 9 81.82% 1 100.00% 82 87.23%,122 91.04%,214,89.17%,
Jeffery HUMBLE DEM 2 18.18% 0 0.00% 12 12.77%,12 8.96%,26,10.83%,
Cast Votes: 11 100.00% 1 100.00% 94 100.00%,134 100.00%,240,100.00%,
Undervotes: 0 0 0,3,3,,
Overvotes: 0 0 0,0,0,,
B102,,,,,243 ballots cast
COMMONWEALTH'S ATTORNEY 40th Judicial Circuit - (Vote for One),,,,,
Choice Party Absentee Mail-In Absentee Walk-In,Early Voting,Election Day Voting,,Total,
Jesse M. STOCKTON JR. REP 10 100.00% 1 100.00%,84 100.00%,119 100.00%,214,100.00%,
Cast Votes: 10 100.00% 1 100.00%,84 100.00%,119 100.00%,214,100.00%,
Undervotes: 1 0,10,18,29,,
Overvotes: 0 0,0,0,0,,
CIRCUIT CLERK - (Vote for One),,,,,
Choice Party Absentee Mail-In Absentee Walk-In,Early Voting,Election Day Voting,,Total,
Tracy Brewington DANIELS REP 10 100.00% 1 100.00%,86 100.00%,123 100.00%,220,100.00%,
Cast Votes: 10 100.00% 1 100.00%,86 100.00%,123 100.00%,220,100.00%,
Undervotes: 1 0,8,14,23,,
Overvotes: 0 0,0,0,0,,
COUNTY SURVEYOR (Unexpired Term) - (Vote for One),,,,,
Choice Party Absentee Mail-In Absentee Walk-In,Early Voting,Election Day Voting,,Total,
0 0.00% 0 0.00%,0 0.00%,0 0.00%,0,0.00%,
Cast Votes: 0 0.00% 0 0.00%,0 0.00%,0 0.00%,0,0.00%,
Undervotes: 11 1,94,137,243,,
Overvotes: 0 0,0,0,0,,
B102,,,,,,,243 ballots cast
CONSTITUTIONAL AMENDMENT 1,,,,,,,
Choice Party,Absentee Mail-In,Absentee Walk-In,Early Voting,Election Day Voting,,Total,
YES,5 50.00%,1 100.00%,60 71.43%,81 65.32%,147,67.12%,
NO,5 50.00%,0 0.00%,24 28.57%,43 34.68%,72,32.88%,
Cast Votes:,10 100.00%,1 100.00%,84 100.00%,124 100.00%,219,100.00%,
Undervotes:,1,0,10,13,24,,
Overvotes:,0,0,0,0,0,,
CONSTITUTIONAL AMENDMENT 2,,,,,,,
Choice Party,Absentee Mail-In,Absentee Walk-In,Early Voting,Election Day Voting,,Total,
YES,1 9.09%,1 100.00%,43 51.19%,50 38.76%,95,42.22%,
NO,10 90.91%,0 0.00%,41 48.81%,79 61.24%,130,57.78%,
Cast Votes:,11 100.00%,1 100.00%,84 100.00%,129 100.00%,225,100.00%,
Undervotes:,0,0,10,8,18,,
Overvotes:,0,0,0,0,0,,
B103,,,,,,,,338 ballots cast
STRAIGHT PARTY,,,,,,,,
Choice Party,Absentee Mail-In,Absentee Walk-In,,Early Voting,Election Day Voting,,Total,
Republican Party REP,8 66.67%,2 100.00%,,61 85.92%,102 96.23%,173,90.58%,
Democratic Party DEM,4 33.33%,0 0.00%,,9 12.68%,4 3.77%,17,8.90%,
Kentucky Party KY,0 0.00%,0 0.00%,,1 1.41%,0 0.00%,1,0.52%,
Libertarian Party LIB,0 0.00%,0 0.00%,,0 0.00%,0 0.00%,0,0.00%,
Cast Votes:,12 100.00%,2 100.00%,,71 100.00%,106 100.00%,191,100.00%,
Undervotes:,5,5,,69,68,147,,
Overvotes:,0,0,,0,0,0,,
PRESIDENT and VICE PRESIDENT of the UNITED STATES - (Vote for One),,,,,,,,
Choice Party,Absentee Mail-In,Absentee Walk-In,,Early Voting,Election Day Voting,,Total,
Donald J. TRUMP REP,11 64.71%,6 85.71%,,122 87.14%,160 91.95%,299,88.46%,
J. D. VANCE,,,,,,,,
Kamala D. HARRIS DEM,6 35.29%,1 14.29%,,16 11.43%,12 6.90%,35,10.36%,
Tim WALZ,,,,,,,,
Jill STEIN KY,0 0.00%,0 0.00%,,0 0.00%,0 0.00%,0,0.00%,
Samson KPADENOU,,,,,,,,
Robert F. KENNEDY JR. IND,0 0.00%,0 0.00%,,1 0.71%,2 1.15%,3,0.89%,
Nicole SHANAHAN,,,,,,,,
Shiva AYYADURAI IND,0 0.00%,0 0.00%,,0 0.00%,0 0.00%,0,0.00%,
Crystal ELLIS,,,,,,,,
Chase OLIVER LIB,0 0.00%,0 0.00%,,1 0.71%,0 0.00%,1,0.30%,
Mike TER MAAT,,,,,,,,
ANDRE ROMAN MCNEIL SR -,0 0.00%,0 0.00%,,0 0.00%,0 0.00%,0,0.00%,
ROSCHELLE MCNEIL (W),,,,,,,,
BILLY KELLEY JR - JASON HOLDEMAN,0 0.00%,0 0.00%,,0 0.00%,0 0.00%,0,0.00%,
"(W)",,,,,,,,
B103,,,,,338 ballots cast
PRESIDENT and VICE PRESIDENT of the UNITED STATES - (Vote for One),,,,,
Choice Party Absentee Mail-In Absentee Walk-In,Early Voting,Election Day Voting,,Total,
CHERUNDA FOX - HARLAN MCVAY JR 0 0.00% 0 0.00%,0 0.00%,0 0.00%,0,0.00%,
"(W)",,,,,
CLAUDIA DE la CRUZ - CARINA 0 0.00% 0 0.00%,0 0.00%,0 0.00%,0,0.00%,
GARCIA (W),,,,,
CORNEL WEST - MELINA ABDULLAH 0 0.00% 0 0.00%,0 0.00%,0 0.00%,0,0.00%,
"(W)",,,,,
FUTURE MADAM POTUS - JESSICA 0 0.00% 0 0.00%,0 0.00%,0 0.00%,0,0.00%,
KENNEDY (W),,,,,
JAMES D. SODERNA - MATTHEW J. 0 0.00% 0 0.00%,0 0.00%,0 0.00%,0,0.00%,
TREWHELLA (W),,,,,
JAY.BOWMAN - DE BOWMAN (W) 0 0.00% 0 0.00%,0 0.00%,0 0.00%,0,0.00%,
JOHN CHENG - WAYNE WALIGORSKI 0 0.00% 0 0.00%,0 0.00%,0 0.00%,0,0.00%,
"(W)",,,,,
JOSEPH KISHORE - JERRY WHITE (W) 0 0.00% 0 0.00%,0 0.00%,0 0.00%,0,0.00%,
PETER SONSKI - LAUREN ONAK (W) 0 0.00% 0 0.00%,0 0.00%,0 0.00%,0,0.00%,
Cast Votes: 17 100.00% 7 100.00%,140 100.00%,174 100.00%,338,100.00%,
Undervotes: 0 0,0,0,0,,
Overvotes: 0 0,0,0,0,,
B103,,,,338 ballots cast
UNITED STATES REPRESENTATIVE in CONGRESS 1st Congressional District - (Vote for One),,,,
Choice Party Absentee Mail-In Absentee Walk-In Early Voting,Election Day Voting,,Total,
James R. COMER REP 11 64.71% 7 100.00% 117 85.40%,164 95.91%,299,90.06%,
Erin MARSHALL DEM 6 35.29% 0 0.00% 20 14.60%,7 4.09%,33,9.94%,
Cast Votes: 17 100.00% 7 100.00% 137 100.00%,171 100.00%,332,100.00%,
Undervotes: 0 0 3,3,6,,
Overvotes: 0 0 0,0,0,,
STATE SENATOR 15th Senatorial District - (Vote for One),,,,
Choice Party Absentee Mail-In Absentee Walk-In Early Voting,Election Day Voting,,Total,
Rick GIRDLER REP 11 100.00% 6 100.00% 113 100.00%,147 100.00%,277,100.00%,
Cast Votes: 11 100.00% 6 100.00% 113 100.00%,147 100.00%,277,100.00%,
Undervotes: 6 1 27,27,61,,
Overvotes: 0 0 0,0,0,,
STATE REPRESENTATIVE 21st Representative District - (Vote for One),,,,
Choice Party Absentee Mail-In Absentee Walk-In Early Voting,Election Day Voting,,Total,
Amy NEIGHBORS REP 11 64.71% 5 83.33% 112 83.58%,145 86.83%,273,84.26%,
Jeffery HUMBLE DEM 6 35.29% 1 16.67% 22 16.42%,22 13.17%,51,15.74%,
Cast Votes: 17 100.00% 6 100.00% 134 100.00%,167 100.00%,324,100.00%,
Undervotes: 0 1 6,7,14,,
Overvotes: 0 0 0,0,0,,
B103,,,,,338 ballots cast
COMMONWEALTH'S ATTORNEY 40th Judicial Circuit - (Vote for One),,,,,
Choice Party Absentee Mail-In Absentee Walk-In,Early Voting,Election Day Voting,,Total,
Jesse M. STOCKTON JR. REP 12 100.00% 6 100.00%,114 100.00%,148 100.00%,280,100.00%,
Cast Votes: 12 100.00% 6 100.00%,114 100.00%,148 100.00%,280,100.00%,
Undervotes: 5 1,26,26,58,,
Overvotes: 0 0,0,0,0,,
CIRCUIT CLERK - (Vote for One),,,,,
Choice Party Absentee Mail-In Absentee Walk-In,Early Voting,Election Day Voting,,Total,
Tracy Brewington DANIELS REP 13 100.00% 6 100.00%,119 100.00%,157 100.00%,295,100.00%,
Cast Votes: 13 100.00% 6 100.00%,119 100.00%,157 100.00%,295,100.00%,
Undervotes: 4 1,21,17,43,,
Overvotes: 0 0,0,0,0,,
COUNTY SURVEYOR (Unexpired Term) - (Vote for One),,,,,
Choice Party Absentee Mail-In Absentee Walk-In,Early Voting,Election Day Voting,,Total,
0 0.00% 0 0.00%,0 0.00%,0 0.00%,0,0.00%,
Cast Votes: 0 0.00% 0 0.00%,0 0.00%,0 0.00%,0,0.00%,
Undervotes: 17 7,140,174,338,,
Overvotes: 0 0,0,0,0,,
B103,,,,,,,338 ballots cast
CONSTITUTIONAL AMENDMENT 1,,,,,,,
Choice Party,Absentee Mail-In,Absentee Walk-In,Early Voting,Election Day Voting,,Total,
YES,8 57.14%,4 66.67%,86 69.35%,103 71.03%,201,69.55%,
NO,6 42.86%,2 33.33%,38 30.65%,42 28.97%,88,30.45%,
Cast Votes:,14 100.00%,6 100.00%,124 100.00%,145 100.00%,289,100.00%,
Undervotes:,3,1,15,29,48,,
Overvotes:,0,0,1,0,1,,
CONSTITUTIONAL AMENDMENT 2,,,,,,,
Choice Party,Absentee Mail-In,Absentee Walk-In,Early Voting,Election Day Voting,,Total,
YES,6 40.00%,3 50.00%,57 44.53%,58 37.91%,124,41.06%,
NO,9 60.00%,3 50.00%,71 55.47%,95 62.09%,178,58.94%,
Cast Votes:,15 100.00%,6 100.00%,128 100.00%,153 100.00%,302,100.00%,
Undervotes:,2,1,12,21,36,,
Overvotes:,0,0,0,0,0,,
C101,,,,,,,,401 ballots cast
STRAIGHT PARTY,,,,,,,,
Choice Party,Absentee Mail-In,Absentee Walk-In,,Early Voting,Election Day Voting,,Total,
Republican Party REP,6 66.67%,2 50.00%,,83 87.37%,113 95.76%,204,90.27%,
Democratic Party DEM,3 33.33%,2 50.00%,,11 11.58%,4 3.39%,20,8.85%,
Kentucky Party KY,0 0.00%,0 0.00%,,0 0.00%,0 0.00%,0,0.00%,
Libertarian Party LIB,0 0.00%,0 0.00%,,1 1.05%,1 0.85%,2,0.88%,
Cast Votes:,9 100.00%,4 100.00%,,95 100.00%,118 100.00%,226,100.00%,
Undervotes:,6,3,,82,84,175,,
Overvotes:,0,0,,0,0,0,,
PRESIDENT and VICE PRESIDENT of the UNITED STATES - (Vote for One),,,,,,,,
Choice Party,Absentee Mail-In,Absentee Walk-In,,Early Voting,Election Day Voting,,Total,
Donald J. TRUMP REP,9 60.00%,3 42.86%,,149 84.18%,186 93.47%,347,87.19%,
J. D. VANCE,,,,,,,,
Kamala D. HARRIS DEM,6 40.00%,4 57.14%,,28 15.82%,11 5.53%,49,12.31%,
Tim WALZ,,,,,,,,
Jill STEIN KY,0 0.00%,0 0.00%,,0 0.00%,0 0.00%,0,0.00%,
Samson KPADENOU,,,,,,,,
Robert F. KENNEDY JR. IND,0 0.00%,0 0.00%,,0 0.00%,1 0.50%,1,0.25%,
Nicole SHANAHAN,,,,,,,,
Shiva AYYADURAI IND,0 0.00%,0 0.00%,,0 0.00%,0 0.00%,0,0.00%,
Crystal ELLIS,,,,,,,,
Chase OLIVER LIB,0 0.00%,0 0.00%,,0 0.00%,1 0.50%,1,0.25%,
Mike TER MAAT,,,,,,,,
ANDRE ROMAN MCNEIL SR -,0 0.00%,0 0.00%,,0 0.00%,0 0.00%,0,0.00%,
ROSCHELLE MCNEIL (W),,,,,,,,
BILLY KELLEY JR - JASON HOLDEMAN,0 0.00%,0 0.00%,,0 0.00%,0 0.00%,0,0.00%,
"(W)",,,,,,,,
C101,,,,,401 ballots cast
PRESIDENT and VICE PRESIDENT of the UNITED STATES - (Vote for One),,,,,
Choice Party Absentee Mail-In Absentee Walk-In,Early Voting,Election Day Voting,,Total,
CHERUNDA FOX - HARLAN MCVAY JR 0 0.00% 0 0.00%,0 0.00%,0 0.00%,0,0.00%,
"(W)",,,,,
CLAUDIA DE la CRUZ - CARINA 0 0.00% 0 0.00%,0 0.00%,0 0.00%,0,0.00%,
GARCIA (W),,,,,
CORNEL WEST - MELINA ABDULLAH 0 0.00% 0 0.00%,0 0.00%,0 0.00%,0,0.00%,
"(W)",,,,,
FUTURE MADAM POTUS - JESSICA 0 0.00% 0 0.00%,0 0.00%,0 0.00%,0,0.00%,
KENNEDY (W),,,,,
JAMES D. SODERNA - MATTHEW J. 0 0.00% 0 0.00%,0 0.00%,0 0.00%,0,0.00%,
TREWHELLA (W),,,,,
JAY.BOWMAN - DE BOWMAN (W) 0 0.00% 0 0.00%,0 0.00%,0 0.00%,0,0.00%,
JOHN CHENG - WAYNE WALIGORSKI 0 0.00% 0 0.00%,0 0.00%,0 0.00%,0,0.00%,
"(W)",,,,,
JOSEPH KISHORE - JERRY WHITE (W) 0 0.00% 0 0.00%,0 0.00%,0 0.00%,0,0.00%,
PETER SONSKI - LAUREN ONAK (W) 0 0.00% 0 0.00%,0 0.00%,0 0.00%,0,0.00%,
Cast Votes: 15 100.00% 7 100.00%,177 100.00%,199 100.00%,398,100.00%,
Undervotes: 0 0,0,3,3,,
Overvotes: 0 0,0,0,0,,
C101,,,,401 ballots cast
UNITED STATES REPRESENTATIVE in CONGRESS 1st Congressional District - (Vote for One),,,,
Choice Party Absentee Mail-In Absentee Walk-In Early Voting,Election Day Voting,,Total,
James R. COMER REP 9 60.00% 3 50.00% 150 86.21%,188 94.47%,350,88.83%,
Erin MARSHALL DEM 6 40.00% 3 50.00% 24 13.79%,11 5.53%,44,11.17%,
Cast Votes: 15 100.00% 6 100.00% 174 100.00%,199 100.00%,394,100.00%,
Undervotes: 0 1 3,3,7,,
Overvotes: 0 0 0,0,0,,
STATE SENATOR 15th Senatorial District - (Vote for One),,,,
Choice Party Absentee Mail-In Absentee Walk-In Early Voting,Election Day Voting,,Total,
Rick GIRDLER REP 10 100.00% 4 100.00% 141 100.00%,179 100.00%,334,100.00%,
Cast Votes: 10 100.00% 4 100.00% 141 100.00%,179 100.00%,334,100.00%,
Undervotes: 5 3 36,23,67,,
Overvotes: 0 0 0,0,0,,
STATE REPRESENTATIVE 21st Representative District - (Vote for One),,,,
Choice Party Absentee Mail-In Absentee Walk-In Early Voting,Election Day Voting,,Total,
Amy NEIGHBORS REP 10 66.67% 2 33.33% 138 80.23%,175 88.38%,325,83.12%,
Jeffery HUMBLE DEM 5 33.33% 4 66.67% 34 19.77%,23 11.62%,66,16.88%,
Cast Votes: 15 100.00% 6 100.00% 172 100.00%,198 100.00%,391,100.00%,
Undervotes: 0 1 5,3,9,,
Overvotes: 0 0 0,1,1,,
C101,,,,,401 ballots cast
COMMONWEALTH'S ATTORNEY 40th Judicial Circuit - (Vote for One),,,,,
Choice Party Absentee Mail-In Absentee Walk-In,Early Voting,Election Day Voting,,Total,
Jesse M. STOCKTON JR. REP 10 100.00% 4 100.00%,141 100.00%,180 100.00%,335,100.00%,
Cast Votes: 10 100.00% 4 100.00%,141 100.00%,180 100.00%,335,100.00%,
Undervotes: 5 3,36,22,66,,
Overvotes: 0 0,0,0,0,,
CIRCUIT CLERK - (Vote for One),,,,,
Choice Party Absentee Mail-In Absentee Walk-In,Early Voting,Election Day Voting,,Total,
Tracy Brewington DANIELS REP 12 100.00% 5 100.00%,149 100.00%,183 100.00%,349,100.00%,
Cast Votes: 12 100.00% 5 100.00%,149 100.00%,183 100.00%,349,100.00%,
Undervotes: 3 2,28,19,52,,
Overvotes: 0 0,0,0,0,,
COUNTY SURVEYOR (Unexpired Term) - (Vote for One),,,,,
Choice Party Absentee Mail-In Absentee Walk-In,Early Voting,Election Day Voting,,Total,
0 0.00% 0 0.00%,0 0.00%,0 0.00%,0,0.00%,
Cast Votes: 0 0.00% 0 0.00%,0 0.00%,0 0.00%,0,0.00%,
Undervotes: 15 7,177,202,401,,
Overvotes: 0 0,0,0,0,,
C101,,,,,401 ballots cast
MEMBER BOARD of EDUCATION 4th Educational District - (Vote for One),,,,,
Choice Party Absentee Mail-In Absentee Walk-In,Early Voting,Election Day Voting,,Total,
Will SCOTT 4 100.00% 4 100.00%,69 100.00%,88 100.00%,165,100.00%,
Cast Votes: 4 100.00% 4 100.00%,69 100.00%,88 100.00%,165,100.00%,
Undervotes: 8 1,73,73,155,,
Overvotes: 0 0,0,0,0,,
CONSTITUTIONAL AMENDMENT 1,,,,,
Choice Party Absentee Mail-In Absentee Walk-In,Early Voting,Election Day Voting,,Total,
YES 9 60.00% 4 57.14%,101 69.18%,124 72.09%,238,70.00%,
NO 6 40.00% 3 42.86%,45 30.82%,48 27.91%,102,30.00%,
Cast Votes: 15 100.00% 7 100.00%,146 100.00%,172 100.00%,340,100.00%,
Undervotes: 0 0,29,29,58,,
Overvotes: 0 0,2,1,3,,
CONSTITUTIONAL AMENDMENT 2,,,,,
Choice Party Absentee Mail-In Absentee Walk-In,Early Voting,Election Day Voting,,Total,
YES 3 20.00% 2 28.57%,62 38.51%,88 47.31%,155,42.01%,
NO 12 80.00% 5 71.43%,99 61.49%,98 52.69%,214,57.99%,
Cast Votes: 15 100.00% 7 100.00%,161 100.00%,186 100.00%,369,100.00%,
Undervotes: 0 0,16,16,32,,
Overvotes: 0 0,0,0,0,,
C102,,,,,,,,390 ballots cast
STRAIGHT PARTY,,,,,,,,
Choice Party,Absentee Mail-In,Absentee Walk-In,,Early Voting,Election Day Voting,,Total,
Republican Party REP,6 85.71%,5 100.00%,,61 85.92%,124 86.11%,196,86.34%,
Democratic Party DEM,1 14.29%,0 0.00%,,10 14.08%,18 12.50%,29,12.78%,
Kentucky Party KY,0 0.00%,0 0.00%,,0 0.00%,2 1.39%,2,0.88%,
Libertarian Party LIB,0 0.00%,0 0.00%,,0 0.00%,0 0.00%,0,0.00%,
Cast Votes:,7 100.00%,5 100.00%,,71 100.00%,144 100.00%,227,100.00%,
Undervotes:,6,1,,48,108,163,,
Overvotes:,0,0,,0,0,0,,
PRESIDENT and VICE PRESIDENT of the UNITED STATES - (Vote for One),,,,,,,,
Choice Party,Absentee Mail-In,Absentee Walk-In,,Early Voting,Election Day Voting,,Total,
Donald J. TRUMP REP,12 92.31%,6 100.00%,,99 83.90%,203 82.86%,320,83.77%,
J. D. VANCE,,,,,,,,
Kamala D. HARRIS DEM,1 7.69%,0 0.00%,,19 16.10%,40 16.33%,60,15.71%,
Tim WALZ,,,,,,,,
Jill STEIN KY,0 0.00%,0 0.00%,,0 0.00%,1 0.41%,1,0.26%,
Samson KPADENOU,,,,,,,,
Robert F. KENNEDY JR. IND,0 0.00%,0 0.00%,,0 0.00%,1 0.41%,1,0.26%,
Nicole SHANAHAN,,,,,,,,
Shiva AYYADURAI IND,0 0.00%,0 0.00%,,0 0.00%,0 0.00%,0,0.00%,
Crystal ELLIS,,,,,,,,
Chase OLIVER LIB,0 0.00%,0 0.00%,,0 0.00%,0 0.00%,0,0.00%,
Mike TER MAAT,,,,,,,,
ANDRE ROMAN MCNEIL SR -,0 0.00%,0 0.00%,,0 0.00%,0 0.00%,0,0.00%,
ROSCHELLE MCNEIL (W),,,,,,,,
BILLY KELLEY JR - JASON HOLDEMAN,0 0.00%,0 0.00%,,0 0.00%,0 0.00%,0,0.00%,
"(W)",,,,,,,,
C102,,,,,390 ballots cast
PRESIDENT and VICE PRESIDENT of the UNITED STATES - (Vote for One),,,,,
Choice Party Absentee Mail-In Absentee Walk-In,Early Voting,Election Day Voting,,Total,
CHERUNDA FOX - HARLAN MCVAY JR 0 0.00% 0 0.00%,0 0.00%,0 0.00%,0,0.00%,
"(W)",,,,,
CLAUDIA DE la CRUZ - CARINA 0 0.00% 0 0.00%,0 0.00%,0 0.00%,0,0.00%,
GARCIA (W),,,,,
CORNEL WEST - MELINA ABDULLAH 0 0.00% 0 0.00%,0 0.00%,0 0.00%,0,0.00%,
"(W)",,,,,
FUTURE MADAM POTUS - JESSICA 0 0.00% 0 0.00%,0 0.00%,0 0.00%,0,0.00%,
KENNEDY (W),,,,,
JAMES D. SODERNA - MATTHEW J. 0 0.00% 0 0.00%,0 0.00%,0 0.00%,0,0.00%,
TREWHELLA (W),,,,,
JAY.BOWMAN - DE BOWMAN (W) 0 0.00% 0 0.00%,0 0.00%,0 0.00%,0,0.00%,
JOHN CHENG - WAYNE WALIGORSKI 0 0.00% 0 0.00%,0 0.00%,0 0.00%,0,0.00%,
"(W)",,,,,
JOSEPH KISHORE - JERRY WHITE (W) 0 0.00% 0 0.00%,0 0.00%,0 0.00%,0,0.00%,
PETER SONSKI - LAUREN ONAK (W) 0 0.00% 0 0.00%,0 0.00%,0 0.00%,0,0.00%,
Cast Votes: 13 100.00% 6 100.00%,118 100.00%,245 100.00%,382,100.00%,
Undervotes: 0 0,1,7,8,,
Overvotes: 0 0,0,0,0,,
C102,,,,390 ballots cast
UNITED STATES REPRESENTATIVE in CONGRESS 1st Congressional District - (Vote for One),,,,
Choice Party Absentee Mail-In Absentee Walk-In Early Voting,Election Day Voting,,Total,
James R. COMER REP 12 92.31% 6 100.00% 100 86.21%,202 83.82%,320,85.11%,
Erin MARSHALL DEM 1 7.69% 0 0.00% 16 13.79%,39 16.18%,56,14.89%,
Cast Votes: 13 100.00% 6 100.00% 116 100.00%,241 100.00%,376,100.00%,
Undervotes: 0 0 3,11,14,,
Overvotes: 0 0 0,0,0,,
STATE SENATOR 15th Senatorial District - (Vote for One),,,,
Choice Party Absentee Mail-In Absentee Walk-In Early Voting,Election Day Voting,,Total,
Rick GIRDLER REP 10 100.00% 6 100.00% 97 100.00%,186 100.00%,299,100.00%,
Cast Votes: 10 100.00% 6 100.00% 97 100.00%,186 100.00%,299,100.00%,
Undervotes: 3 0 22,66,91,,
Overvotes: 0 0 0,0,0,,
STATE REPRESENTATIVE 21st Representative District - (Vote for One),,,,
Choice Party Absentee Mail-In Absentee Walk-In Early Voting,Election Day Voting,,Total,
Amy NEIGHBORS REP 10 90.91% 6 100.00% 92 80.70%,188 79.66%,296,80.65%,
Jeffery HUMBLE DEM 1 9.09% 0 0.00% 22 19.30%,48 20.34%,71,19.35%,
Cast Votes: 11 100.00% 6 100.00% 114 100.00%,236 100.00%,367,100.00%,
Undervotes: 2 0 5,16,23,,
Overvotes: 0 0 0,0,0,,
C102,,,,,390 ballots cast
COMMONWEALTH'S ATTORNEY 40th Judicial Circuit - (Vote for One),,,,,
Choice Party Absentee Mail-In Absentee Walk-In,Early Voting,Election Day Voting,,Total,
Jesse M. STOCKTON JR. REP 9 100.00% 6 100.00%,94 100.00%,188 100.00%,297,100.00%,
Cast Votes: 9 100.00% 6 100.00%,94 100.00%,188 100.00%,297,100.00%,
Undervotes: 4 0,25,64,93,,
Overvotes: 0 0,0,0,0,,
CIRCUIT CLERK - (Vote for One),,,,,
Choice Party Absentee Mail-In Absentee Walk-In,Early Voting,Election Day Voting,,Total,
Tracy Brewington DANIELS REP 11 100.00% 6 100.00%,100 100.00%,207 100.00%,324,100.00%,
Cast Votes: 11 100.00% 6 100.00%,100 100.00%,207 100.00%,324,100.00%,
Undervotes: 2 0,19,45,66,,
Overvotes: 0 0,0,0,0,,
COUNTY SURVEYOR (Unexpired Term) - (Vote for One),,,,,
Choice Party Absentee Mail-In Absentee Walk-In,Early Voting,Election Day Voting,,Total,
0 0.00% 0 0.00%,0 0.00%,0 0.00%,0,0.00%,
Cast Votes: 0 0.00% 0 0.00%,0 0.00%,0 0.00%,0,0.00%,
Undervotes: 13 6,119,252,390,,
Overvotes: 0 0,0,0,0,,
C102,,,,,390 ballots cast
MEMBER BOARD of EDUCATION 4th Educational District - (Vote for One),,,,,
Choice Party Absentee Mail-In Absentee Walk-In,Early Voting,Election Day Voting,,Total,
Will SCOTT 6 100.00% 2 100.00%,54 100.00%,102 100.00%,164,100.00%,
Cast Votes: 6 100.00% 2 100.00%,54 100.00%,102 100.00%,164,100.00%,
Undervotes: 7 4,65,150,226,,
Overvotes: 0 0,0,0,0,,
CONSTITUTIONAL AMENDMENT 1,,,,,
Choice Party Absentee Mail-In Absentee Walk-In,Early Voting,Election Day Voting,,Total,
YES 9 90.00% 4 100.00%,66 69.47%,141 71.21%,220,71.66%,
NO 1 10.00% 0 0.00%,29 30.53%,57 28.79%,87,28.34%,
Cast Votes: 10 100.00% 4 100.00%,95 100.00%,198 100.00%,307,100.00%,
Undervotes: 3 2,23,54,82,,
Overvotes: 0 0,1,0,1,,
CONSTITUTIONAL AMENDMENT 2,,,,,
Choice Party Absentee Mail-In Absentee Walk-In,Early Voting,Election Day Voting,,Total,
YES 7 70.00% 3 60.00%,50 47.17%,94 42.92%,154,45.29%,
NO 3 30.00% 2 40.00%,56 52.83%,125 57.08%,186,54.71%,
Cast Votes: 10 100.00% 5 100.00%,106 100.00%,219 100.00%,340,100.00%,
Undervotes: 3 1,13,33,50,,
Overvotes: 0 0,0,0,0,,
C103,,,,,,,,149 ballots cast
STRAIGHT PARTY,,,,,,,,
Choice Party,Absentee Mail-In,Absentee Walk-In,,Early Voting,Election Day Voting,,Total,
Republican Party REP,2 66.67%,0 0.00%,,17 70.83%,26 63.41%,45,65.22%,
Democratic Party DEM,1 33.33%,1 100.00%,,7 29.17%,14 34.15%,23,33.33%,
Kentucky Party KY,0 0.00%,0 0.00%,,0 0.00%,0 0.00%,0,0.00%,
Libertarian Party LIB,0 0.00%,0 0.00%,,0 0.00%,1 2.44%,1,1.45%,
Cast Votes:,3 100.00%,1 100.00%,,24 100.00%,41 100.00%,69,100.00%,
Undervotes:,9,0,,32,39,80,,
Overvotes:,0,0,,0,0,0,,
PRESIDENT and VICE PRESIDENT of the UNITED STATES - (Vote for One),,,,,,,,
Choice Party,Absentee Mail-In,Absentee Walk-In,,Early Voting,Election Day Voting,,Total,
Donald J. TRUMP REP,9 75.00%,0 0.00%,,41 73.21%,54 68.35%,104,70.27%,
J. D. VANCE,,,,,,,,
Kamala D. HARRIS DEM,3 25.00%,1 100.00%,,15 26.79%,23 29.11%,42,28.38%,
Tim WALZ,,,,,,,,
Jill STEIN KY,0 0.00%,0 0.00%,,0 0.00%,1 1.27%,1,0.68%,
Samson KPADENOU,,,,,,,,
Robert F. KENNEDY JR. IND,0 0.00%,0 0.00%,,0 0.00%,1 1.27%,1,0.68%,
Nicole SHANAHAN,,,,,,,,
Shiva AYYADURAI IND,0 0.00%,0 0.00%,,0 0.00%,0 0.00%,0,0.00%,
Crystal ELLIS,,,,,,,,
Chase OLIVER LIB,0 0.00%,0 0.00%,,0 0.00%,0 0.00%,0,0.00%,
Mike TER MAAT,,,,,,,,
ANDRE ROMAN MCNEIL SR -,0 0.00%,0 0.00%,,0 0.00%,0 0.00%,0,0.00%,
ROSCHELLE MCNEIL (W),,,,,,,,
BILLY KELLEY JR - JASON HOLDEMAN,0 0.00%,0 0.00%,,0 0.00%,0 0.00%,0,0.00%,
"(W)",,,,,,,,
C103,,,,,149 ballots cast
PRESIDENT and VICE PRESIDENT of the UNITED STATES - (Vote for One),,,,,
Choice Party Absentee Mail-In Absentee Walk-In,Early Voting,Election Day Voting,,Total,
CHERUNDA FOX - HARLAN MCVAY JR 0 0.00% 0 0.00%,0 0.00%,0 0.00%,0,0.00%,
"(W)",,,,,
CLAUDIA DE la CRUZ - CARINA 0 0.00% 0 0.00%,0 0.00%,0 0.00%,0,0.00%,
GARCIA (W),,,,,
CORNEL WEST - MELINA ABDULLAH 0 0.00% 0 0.00%,0 0.00%,0 0.00%,0,0.00%,
"(W)",,,,,
FUTURE MADAM POTUS - JESSICA 0 0.00% 0 0.00%,0 0.00%,0 0.00%,0,0.00%,
KENNEDY (W),,,,,
JAMES D. SODERNA - MATTHEW J. 0 0.00% 0 0.00%,0 0.00%,0 0.00%,0,0.00%,
TREWHELLA (W),,,,,
JAY.BOWMAN - DE BOWMAN (W) 0 0.00% 0 0.00%,0 0.00%,0 0.00%,0,0.00%,
JOHN CHENG - WAYNE WALIGORSKI 0 0.00% 0 0.00%,0 0.00%,0 0.00%,0,0.00%,
"(W)",,,,,
JOSEPH KISHORE - JERRY WHITE (W) 0 0.00% 0 0.00%,0 0.00%,0 0.00%,0,0.00%,
PETER SONSKI - LAUREN ONAK (W) 0 0.00% 0 0.00%,0 0.00%,0 0.00%,0,0.00%,
Cast Votes: 12 100.00% 1 100.00%,56 100.00%,79 100.00%,148,100.00%,
Undervotes: 0 0,0,1,1,,
Overvotes: 0 0,0,0,0,,
C103,,,,149 ballots cast
UNITED STATES REPRESENTATIVE in CONGRESS 1st Congressional District - (Vote for One),,,,
Choice Party Absentee Mail-In Absentee Walk-In Early Voting,Election Day Voting,,Total,
James R. COMER REP 10 90.91% 0 0.00% 42 79.25%,52 74.29%,104,77.04%,
Erin MARSHALL DEM 1 9.09% 1 100.00% 11 20.75%,18 25.71%,31,22.96%,
Cast Votes: 11 100.00% 1 100.00% 53 100.00%,70 100.00%,135,100.00%,
Undervotes: 1 0 3,10,14,,
Overvotes: 0 0 0,0,0,,
STATE SENATOR 15th Senatorial District - (Vote for One),,,,
Choice Party Absentee Mail-In Absentee Walk-In Early Voting,Election Day Voting,,Total,
Rick GIRDLER REP 9 100.00% 0 0.00% 32 100.00%,49 100.00%,90,100.00%,
Cast Votes: 9 100.00% 0 0.00% 32 100.00%,49 100.00%,90,100.00%,
Undervotes: 3 1 24,31,59,,
Overvotes: 0 0 0,0,0,,
STATE REPRESENTATIVE 21st Representative District - (Vote for One),,,,
Choice Party Absentee Mail-In Absentee Walk-In Early Voting,Election Day Voting,,Total,
Amy NEIGHBORS REP 9 75.00% 0 0.00% 34 66.67%,52 72.22%,95,69.85%,
Jeffery HUMBLE DEM 3 25.00% 1 100.00% 17 33.33%,20 27.78%,41,30.15%,
Cast Votes: 12 100.00% 1 100.00% 51 100.00%,72 100.00%,136,100.00%,
Undervotes: 0 0 5,8,13,,
Overvotes: 0 0 0,0,0,,
C103,,,,,149 ballots cast
COMMONWEALTH'S ATTORNEY 40th Judicial Circuit - (Vote for One),,,,,
Choice Party Absentee Mail-In Absentee Walk-In,Early Voting,Election Day Voting,,Total,
Jesse M. STOCKTON JR. REP 10 100.00% 0 0.00%,34 100.00%,48 100.00%,92,100.00%,
Cast Votes: 10 100.00% 0 0.00%,34 100.00%,48 100.00%,92,100.00%,
Undervotes: 2 1,22,32,57,,
Overvotes: 0 0,0,0,0,,
CIRCUIT CLERK - (Vote for One),,,,,
Choice Party Absentee Mail-In Absentee Walk-In,Early Voting,Election Day Voting,,Total,
Tracy Brewington DANIELS REP 9 100.00% 0 0.00%,40 100.00%,58 100.00%,107,100.00%,
Cast Votes: 9 100.00% 0 0.00%,40 100.00%,58 100.00%,107,100.00%,
Undervotes: 3 1,16,22,42,,
Overvotes: 0 0,0,0,0,,
COUNTY SURVEYOR (Unexpired Term) - (Vote for One),,,,,
Choice Party Absentee Mail-In Absentee Walk-In,Early Voting,Election Day Voting,,Total,
0 0.00% 0 0.00%,0 0.00%,0 0.00%,0,0.00%,
Cast Votes: 0 0.00% 0 0.00%,0 0.00%,0 0.00%,0,0.00%,
Undervotes: 12 1,56,80,149,,
Overvotes: 0 0,0,0,0,,
C103,,,,,,149 ballots cast
CITY COUNCIL City of Burkesville - (Vote for up to Six),,,,,,
Choice Party Absentee Mail-In,Absentee Walk-In,Early Voting,Election Day Voting,,Total,
Glen Allen MURPHY 8 16.33%,0 0.00%,36 17.82%,45 18.29%,89,17.91%,
Doug RADFORD 5 10.20%,0 0.00%,32 15.84%,32 13.01%,69,13.88%,
Trevor James OWSLEY 9 18.37%,0 0.00%,32 15.84%,42 17.07%,83,16.70%,
Josh POLSTON 5 10.20%,0 0.00%,12 5.94%,19 7.72%,36,7.24%,
Jamie ALLEN 7 14.29%,0 0.00%,31 15.35%,37 15.04%,75,15.09%,
Connie CRAVENS 8 16.33%,0 0.00%,37 18.32%,41 16.67%,86,17.30%,
Shawn RIDDLE 7 14.29%,0 0.00%,22 10.89%,30 12.20%,59,11.87%,
Cast Votes: 49 100.00%,0 0.00%,202 100.00%,246 100.00%,497,100.00%,
Undervotes: 23,6,134,234,397,,
Overvotes: 0,0,0,0,0,,
QUESTION-BURKESVILLE CANNABIS,,,,,,
Choice Party Absentee Mail-In,Absentee Walk-In,Early Voting,Election Day Voting,,Total,
YES 5 45.45%,1 100.00%,32 64.00%,50 74.63%,88,68.22%,
NO 6 54.55%,0 0.00%,18 36.00%,17 25.37%,41,31.78%,
Cast Votes: 11 100.00%,1 100.00%,50 100.00%,67 100.00%,129,100.00%,
Undervotes: 1,0,6,13,20,,
Overvotes: 0,0,0,0,0,,
C103,,,,,,,149 ballots cast
CONSTITUTIONAL AMENDMENT 1,,,,,,,
Choice Party,Absentee Mail-In,Absentee Walk-In,Early Voting,Election Day Voting,,Total,
YES,6 75.00%,0 0.00%,25 59.52%,43 65.15%,74,63.79%,
NO,2 25.00%,0 0.00%,17 40.48%,23 34.85%,42,36.21%,
Cast Votes:,8 100.00%,0 0.00%,42 100.00%,66 100.00%,116,100.00%,
Undervotes:,4,1,14,14,33,,
Overvotes:,0,0,0,0,0,,
CONSTITUTIONAL AMENDMENT 2,,,,,,,
Choice Party,Absentee Mail-In,Absentee Walk-In,Early Voting,Election Day Voting,,Total,
YES,3 37.50%,0 0.00%,21 41.18%,25 37.31%,49,38.89%,
NO,5 62.50%,0 0.00%,30 58.82%,42 62.69%,77,61.11%,
Cast Votes:,8 100.00%,0 0.00%,51 100.00%,67 100.00%,126,100.00%,
Undervotes:,4,1,5,12,22,,
Overvotes:,0,0,0,1,1,,
D101,,,,,,,,435 ballots cast
STRAIGHT PARTY,,,,,,,,
Choice Party,Absentee Mail-In,Absentee Walk-In,,Early Voting,Election Day Voting,,Total,
Republican Party REP,16 94.12%,2 66.67%,,70 92.11%,116 90.63%,204,91.07%,
Democratic Party DEM,1 5.88%,1 33.33%,,3 3.95%,11 8.59%,16,7.14%,
Kentucky Party KY,0 0.00%,0 0.00%,,2 2.63%,1 0.78%,3,1.34%,
Libertarian Party LIB,0 0.00%,0 0.00%,,1 1.32%,0 0.00%,1,0.45%,
Cast Votes:,17 100.00%,3 100.00%,,76 100.00%,128 100.00%,224,100.00%,
Undervotes:,7,1,,75,128,211,,
Overvotes:,0,0,,0,0,0,,
PRESIDENT and VICE PRESIDENT of the UNITED STATES - (Vote for One),,,,,,,,
Choice Party,Absentee Mail-In,Absentee Walk-In,,Early Voting,Election Day Voting,,Total,
Donald J. TRUMP REP,19 79.17%,3 75.00%,,132 87.42%,224 88.54%,378,87.50%,
J. D. VANCE,,,,,,,,
Kamala D. HARRIS DEM,4 16.67%,1 25.00%,,18 11.92%,27 10.67%,50,11.57%,
Tim WALZ,,,,,,,,
Jill STEIN KY,0 0.00%,0 0.00%,,0 0.00%,0 0.00%,0,0.00%,
Samson KPADENOU,,,,,,,,
Robert F. KENNEDY JR. IND,0 0.00%,0 0.00%,,1 0.66%,2 0.79%,3,0.69%,
Nicole SHANAHAN,,,,,,,,
Shiva AYYADURAI IND,0 0.00%,0 0.00%,,0 0.00%,0 0.00%,0,0.00%,
Crystal ELLIS,,,,,,,,
Chase OLIVER LIB,1 4.17%,0 0.00%,,0 0.00%,0 0.00%,1,0.23%,
Mike TER MAAT,,,,,,,,
ANDRE ROMAN MCNEIL SR -,0 0.00%,0 0.00%,,0 0.00%,0 0.00%,0,0.00%,
ROSCHELLE MCNEIL (W),,,,,,,,
BILLY KELLEY JR - JASON HOLDEMAN,0 0.00%,0 0.00%,,0 0.00%,0 0.00%,0,0.00%,
"(W)",,,,,,,,
D101,,,,,435 ballots cast
PRESIDENT and VICE PRESIDENT of the UNITED STATES - (Vote for One),,,,,
Choice Party Absentee Mail-In Absentee Walk-In,Early Voting,Election Day Voting,,Total,
CHERUNDA FOX - HARLAN MCVAY JR 0 0.00% 0 0.00%,0 0.00%,0 0.00%,0,0.00%,
"(W)",,,,,
CLAUDIA DE la CRUZ - CARINA 0 0.00% 0 0.00%,0 0.00%,0 0.00%,0,0.00%,
GARCIA (W),,,,,
CORNEL WEST - MELINA ABDULLAH 0 0.00% 0 0.00%,0 0.00%,0 0.00%,0,0.00%,
"(W)",,,,,
FUTURE MADAM POTUS - JESSICA 0 0.00% 0 0.00%,0 0.00%,0 0.00%,0,0.00%,
KENNEDY (W),,,,,
JAMES D. SODERNA - MATTHEW J. 0 0.00% 0 0.00%,0 0.00%,0 0.00%,0,0.00%,
TREWHELLA (W),,,,,
JAY.BOWMAN - DE BOWMAN (W) 0 0.00% 0 0.00%,0 0.00%,0 0.00%,0,0.00%,
JOHN CHENG - WAYNE WALIGORSKI 0 0.00% 0 0.00%,0 0.00%,0 0.00%,0,0.00%,
"(W)",,,,,
JOSEPH KISHORE - JERRY WHITE (W) 0 0.00% 0 0.00%,0 0.00%,0 0.00%,0,0.00%,
PETER SONSKI - LAUREN ONAK (W) 0 0.00% 0 0.00%,0 0.00%,0 0.00%,0,0.00%,
Cast Votes: 24 100.00% 4 100.00%,151 100.00%,253 100.00%,432,100.00%,
Undervotes: 0 0,0,3,3,,
Overvotes: 0 0,0,0,0,,
D101,,,,435 ballots cast
UNITED STATES REPRESENTATIVE in CONGRESS 1st Congressional District - (Vote for One),,,,
Choice Party Absentee Mail-In Absentee Walk-In Early Voting,Election Day Voting,,Total,
James R. COMER REP 19 79.17% 3 75.00% 135 90.60%,227 90.44%,384,89.72%,
Erin MARSHALL DEM 5 20.83% 1 25.00% 14 9.40%,24 9.56%,44,10.28%,
Cast Votes: 24 100.00% 4 100.00% 149 100.00%,251 100.00%,428,100.00%,
Undervotes: 0 0 2,5,7,,
Overvotes: 0 0 0,0,0,,
STATE SENATOR 15th Senatorial District - (Vote for One),,,,
Choice Party Absentee Mail-In Absentee Walk-In Early Voting,Election Day Voting,,Total,
Rick GIRDLER REP 18 100.00% 3 100.00% 120 100.00%,210 100.00%,351,100.00%,
Cast Votes: 18 100.00% 3 100.00% 120 100.00%,210 100.00%,351,100.00%,
Undervotes: 6 1 31,46,84,,
Overvotes: 0 0 0,0,0,,
STATE REPRESENTATIVE 21st Representative District - (Vote for One),,,,
Choice Party Absentee Mail-In Absentee Walk-In Early Voting,Election Day Voting,,Total,
Amy NEIGHBORS REP 19 82.61% 3 75.00% 126 85.71%,201 82.72%,349,83.69%,
Jeffery HUMBLE DEM 4 17.39% 1 25.00% 21 14.29%,42 17.28%,68,16.31%,
Cast Votes: 23 100.00% 4 100.00% 147 100.00%,243 100.00%,417,100.00%,
Undervotes: 1 0 4,12,17,,
Overvotes: 0 0 0,1,1,,
D101,,,,,435 ballots cast
COMMONWEALTH'S ATTORNEY 40th Judicial Circuit - (Vote for One),,,,,
Choice Party Absentee Mail-In Absentee Walk-In,Early Voting,Election Day Voting,,Total,
Jesse M. STOCKTON JR. REP 21 100.00% 3 100.00%,123 100.00%,212 100.00%,359,100.00%,
Cast Votes: 21 100.00% 3 100.00%,123 100.00%,212 100.00%,359,100.00%,
Undervotes: 3 1,28,44,76,,
Overvotes: 0 0,0,0,0,,
CIRCUIT CLERK - (Vote for One),,,,,
Choice Party Absentee Mail-In Absentee Walk-In,Early Voting,Election Day Voting,,Total,
Tracy Brewington DANIELS REP 21 100.00% 3 100.00%,132 100.00%,222 100.00%,378,100.00%,
Cast Votes: 21 100.00% 3 100.00%,132 100.00%,222 100.00%,378,100.00%,
Undervotes: 3 1,19,34,57,,
Overvotes: 0 0,0,0,0,,
COUNTY SURVEYOR (Unexpired Term) - (Vote for One),,,,,
Choice Party Absentee Mail-In Absentee Walk-In,Early Voting,Election Day Voting,,Total,
0 0.00% 0 0.00%,0 0.00%,0 0.00%,0,0.00%,
Cast Votes: 0 0.00% 0 0.00%,0 0.00%,0 0.00%,0,0.00%,
Undervotes: 24 4,151,256,435,,
Overvotes: 0 0,0,0,0,,
D101,,,,,435 ballots cast
MEMBER BOARD of EDUCATION 5th Educational District - (Vote for One),,,,,
Choice Party Absentee Mail-In Absentee Walk-In,Early Voting,Election Day Voting,,Total,
Jackie BRYANT 18 100.00% 2 100.00%,90 100.00%,140 100.00%,250,100.00%,
Cast Votes: 18 100.00% 2 100.00%,90 100.00%,140 100.00%,250,100.00%,
Undervotes: 6 2,61,116,185,,
Overvotes: 0 0,0,0,0,,
CONSTITUTIONAL AMENDMENT 1,,,,,
Choice Party Absentee Mail-In Absentee Walk-In,Early Voting,Election Day Voting,,Total,
YES 15 62.50% 2 66.67%,88 67.69%,144 66.36%,249,66.58%,
NO 9 37.50% 1 33.33%,42 32.31%,73 33.64%,125,33.42%,
Cast Votes: 24 100.00% 3 100.00%,130 100.00%,217 100.00%,374,100.00%,
Undervotes: 0 1,21,37,59,,
Overvotes: 0 0,0,2,2,,
CONSTITUTIONAL AMENDMENT 2,,,,,
Choice Party Absentee Mail-In Absentee Walk-In,Early Voting,Election Day Voting,,Total,
YES 9 42.86% 1 25.00%,60 43.17%,98 40.00%,168,41.08%,
NO 12 57.14% 3 75.00%,79 56.83%,147 60.00%,241,58.92%,
Cast Votes: 21 100.00% 4 100.00%,139 100.00%,245 100.00%,409,100.00%,
Undervotes: 3 0,11,11,25,,
Overvotes: 0 0,1,0,1,,
D102,,,,,,,,357 ballots cast
STRAIGHT PARTY,,,,,,,,
Choice Party,Absentee Mail-In,Absentee Walk-In,,Early Voting,Election Day Voting,,Total,
Republican Party REP,2 40.00%,0 0.00%,,33 89.19%,140 85.37%,175,84.95%,
Democratic Party DEM,2 40.00%,0 0.00%,,4 10.81%,22 13.41%,28,13.59%,
Kentucky Party KY,1 20.00%,0 0.00%,,0 0.00%,1 0.61%,2,0.97%,
Libertarian Party LIB,0 0.00%,0 0.00%,,0 0.00%,1 0.61%,1,0.49%,
Cast Votes:,5 100.00%,0 0.00%,,37 100.00%,164 100.00%,206,100.00%,
Undervotes:,5,0,,32,114,151,,
Overvotes:,0,0,,0,0,0,,
PRESIDENT and VICE PRESIDENT of the UNITED STATES - (Vote for One),,,,,,,,
Choice Party,Absentee Mail-In,Absentee Walk-In,,Early Voting,Election Day Voting,,Total,
Donald J. TRUMP REP,7 77.78%,0 0.00%,,59 85.51%,226 81.59%,292,82.25%,
J. D. VANCE,,,,,,,,
Kamala D. HARRIS DEM,2 22.22%,0 0.00%,,9 13.04%,45 16.25%,56,15.77%,
Tim WALZ,,,,,,,,
Jill STEIN KY,0 0.00%,0 0.00%,,0 0.00%,0 0.00%,0,0.00%,
Samson KPADENOU,,,,,,,,
Robert F. KENNEDY JR. IND,0 0.00%,0 0.00%,,0 0.00%,4 1.44%,4,1.13%,
Nicole SHANAHAN,,,,,,,,
Shiva AYYADURAI IND,0 0.00%,0 0.00%,,0 0.00%,0 0.00%,0,0.00%,
Crystal ELLIS,,,,,,,,
Chase OLIVER LIB,0 0.00%,0 0.00%,,1 1.45%,0 0.00%,1,0.28%,
Mike TER MAAT,,,,,,,,
ANDRE ROMAN MCNEIL SR -,0 0.00%,0 0.00%,,0 0.00%,0 0.00%,0,0.00%,
ROSCHELLE MCNEIL (W),,,,,,,,
BILLY KELLEY JR - JASON HOLDEMAN,0 0.00%,0 0.00%,,0 0.00%,0 0.00%,0,0.00%,
"(W)",,,,,,,,
D102,,,,,357 ballots cast
PRESIDENT and VICE PRESIDENT of the UNITED STATES - (Vote for One),,,,,
Choice Party Absentee Mail-In Absentee Walk-In,Early Voting,Election Day Voting,,Total,
CHERUNDA FOX - HARLAN MCVAY JR 0 0.00% 0 0.00%,0 0.00%,0 0.00%,0,0.00%,
"(W)",,,,,
CLAUDIA DE la CRUZ - CARINA 0 0.00% 0 0.00%,0 0.00%,0 0.00%,0,0.00%,
GARCIA (W),,,,,
CORNEL WEST - MELINA ABDULLAH 0 0.00% 0 0.00%,0 0.00%,0 0.00%,0,0.00%,
"(W)",,,,,
FUTURE MADAM POTUS - JESSICA 0 0.00% 0 0.00%,0 0.00%,0 0.00%,0,0.00%,
KENNEDY (W),,,,,
JAMES D. SODERNA - MATTHEW J. 0 0.00% 0 0.00%,0 0.00%,0 0.00%,0,0.00%,
TREWHELLA (W),,,,,
JAY.BOWMAN - DE BOWMAN (W) 0 0.00% 0 0.00%,0 0.00%,0 0.00%,0,0.00%,
JOHN CHENG - WAYNE WALIGORSKI 0 0.00% 0 0.00%,0 0.00%,0 0.00%,0,0.00%,
"(W)",,,,,
JOSEPH KISHORE - JERRY WHITE (W) 0 0.00% 0 0.00%,0 0.00%,0 0.00%,0,0.00%,
PETER SONSKI - LAUREN ONAK (W) 0 0.00% 0 0.00%,0 0.00%,2 0.72%,2,0.56%,
Cast Votes: 9 100.00% 0 0.00%,69 100.00%,277 100.00%,355,100.00%,
Undervotes: 1 0,0,1,2,,
Overvotes: 0 0,0,0,0,,
D102,,,,357 ballots cast
UNITED STATES REPRESENTATIVE in CONGRESS 1st Congressional District - (Vote for One),,,,
Choice Party Absentee Mail-In Absentee Walk-In Early Voting,Election Day Voting,,Total,
James R. COMER REP 7 70.00% 0 0.00% 61 88.41%,239 87.23%,307,86.97%,
Erin MARSHALL DEM 3 30.00% 0 0.00% 8 11.59%,35 12.77%,46,13.03%,
Cast Votes: 10 100.00% 0 0.00% 69 100.00%,274 100.00%,353,100.00%,
Undervotes: 0 0 0,4,4,,
Overvotes: 0 0 0,0,0,,
STATE SENATOR 15th Senatorial District - (Vote for One),,,,
Choice Party Absentee Mail-In Absentee Walk-In Early Voting,Election Day Voting,,Total,
Rick GIRDLER REP 4 100.00% 0 0.00% 53 100.00%,217 100.00%,274,100.00%,
Cast Votes: 4 100.00% 0 0.00% 53 100.00%,217 100.00%,274,100.00%,
Undervotes: 6 0 16,61,83,,
Overvotes: 0 0 0,0,0,,
STATE REPRESENTATIVE 21st Representative District - (Vote for One),,,,
Choice Party Absentee Mail-In Absentee Walk-In Early Voting,Election Day Voting,,Total,
Amy NEIGHBORS REP 6 60.00% 0 0.00% 54 79.41%,232 84.67%,292,82.95%,
Jeffery HUMBLE DEM 4 40.00% 0 0.00% 14 20.59%,42 15.33%,60,17.05%,
Cast Votes: 10 100.00% 0 0.00% 68 100.00%,274 100.00%,352,100.00%,
Undervotes: 0 0 1,4,5,,
Overvotes: 0 0 0,0,0,,
D102,,,,,357 ballots cast
COMMONWEALTH'S ATTORNEY 40th Judicial Circuit - (Vote for One),,,,,
Choice Party Absentee Mail-In Absentee Walk-In,Early Voting,Election Day Voting,,Total,
Jesse M. STOCKTON JR. REP 5 100.00% 0 0.00%,55 100.00%,222 100.00%,282,100.00%,
Cast Votes: 5 100.00% 0 0.00%,55 100.00%,222 100.00%,282,100.00%,
Undervotes: 5 0,14,56,75,,
Overvotes: 0 0,0,0,0,,
CIRCUIT CLERK - (Vote for One),,,,,
Choice Party Absentee Mail-In Absentee Walk-In,Early Voting,Election Day Voting,,Total,
Tracy Brewington DANIELS REP 4 100.00% 0 0.00%,60 100.00%,233 100.00%,297,100.00%,
Cast Votes: 4 100.00% 0 0.00%,60 100.00%,233 100.00%,297,100.00%,
Undervotes: 6 0,9,45,60,,
Overvotes: 0 0,0,0,0,,
COUNTY SURVEYOR (Unexpired Term) - (Vote for One),,,,,
Choice Party Absentee Mail-In Absentee Walk-In,Early Voting,Election Day Voting,,Total,
0 0.00% 0 0.00%,0 0.00%,0 0.00%,0,0.00%,
Cast Votes: 0 0.00% 0 0.00%,0 0.00%,0 0.00%,0,0.00%,
Undervotes: 10 0,69,278,357,,
Overvotes: 0 0,0,0,0,,
D102,,,,,357 ballots cast
MEMBER BOARD of EDUCATION 5th Educational District - (Vote for One),,,,,
Choice Party Absentee Mail-In Absentee Walk-In Early Voting,,Election Day Voting,,Total,
Jackie BRYANT 4 100.00% 0 0.00% 37,100.00%,168 100.00%,209,100.00%,
Cast Votes: 4 100.00% 0 0.00% 37,100.00%,168 100.00%,209,100.00%,
Undervotes: 6 0 32,,110,148,,
Overvotes: 0 0 0,,0,0,,
CONSTITUTIONAL AMENDMENT 1,,,,,
Choice Party Absentee Mail-In Absentee Walk-In Early Voting,,Election Day Voting,,Total,
YES 5 62.50% 0 0.00% 44,72.13%,151 66.81%,200,67.80%,
NO 3 37.50% 0 0.00% 17,27.87%,75 33.19%,95,32.20%,
Cast Votes: 8 100.00% 0 0.00% 61,100.00%,226 100.00%,295,100.00%,
Undervotes: 2 0 8,,49,59,,
Overvotes: 0 0 0,,3,3,,
CONSTITUTIONAL AMENDMENT 2,,,,,
Choice Party Absentee Mail-In Absentee Walk-In Early Voting,,Election Day Voting,,Total,
YES 7 77.78% 0 0.00% 25,38.46%,94 34.94%,126,36.73%,
NO 2 22.22% 0 0.00% 40,61.54%,175 65.06%,217,63.27%,
Cast Votes: 9 100.00% 0 0.00% 65,100.00%,269 100.00%,343,100.00%,
Undervotes: 1 0 4,,8,13,,
Overvotes: 0 0 0,,1,1,,
"*** End of report ***",,,,,
