county,office,district,candidate,party,votes
Adair,U.S. House,1, James Comer Jr.,REP,5624.0
Allen,U.S. House,1, James Comer Jr.,REP,4943.0
Ballard,U.S. House,1, James Comer Jr.,REP,2414.0
Caldwell,U.S. House,1, James Comer Jr.,REP,3476.0
Calloway,U.S. House,1, James Comer Jr.,REP,7818.0
Carlisle,U.S. House,1, James Comer Jr.,REP,1703.0
Casey,U.S. House,1, James Comer Jr.,REP,4141.0
Christian,U.S. House,1, James Comer Jr.,REP,10261.0
Clinton,U.S. House,1, James Comer Jr.,REP,3311.0
Crittenden,U.S. House,1, James Comer Jr.,REP,2548.0
Cumberland,U.S. House,1, James Comer Jr.,REP,2364.0
Fulton,U.S. House,1, James Comer Jr.,REP,1193.0
Graves,U.S. House,1, James Comer Jr.,REP,9683.0
Henderson,U.S. House,1, James Comer Jr.,REP,8746.0
Hickman,U.S. House,1, James Comer Jr.,REP,1235.0
Hopkins,U.S. House,1, James Comer Jr.,REP,11034.0
Livingston,U.S. House,1, James Comer Jr.,REP,2687.0
Logan,U.S. House,1, James Comer Jr.,REP,5753.0
Lyon,U.S. House,1, James Comer Jr.,REP,2283.0
Marion,U.S. House,1, James Comer Jr.,REP,3327.0
Marshall,U.S. House,1, James Comer Jr.,REP,9780.0
McCracken,U.S. House,1, James Comer Jr.,REP,15638.0
McLean,U.S. House,1, James Comer Jr.,REP,2663.0
Metcalfe,U.S. House,1, James Comer Jr.,REP,3300.0
Monroe,U.S. House,1, James Comer Jr.,REP,3843.0
Muhlenberg,U.S. House,1, James Comer Jr.,REP,6249.0
Ohio,U.S. House,1, James Comer Jr.,REP,5889.0
Russell,U.S. House,1, James Comer Jr.,REP,6013.0
Simpson,U.S. House,1, James Comer Jr.,REP,3904.0
Taylor,U.S. House,1, James Comer Jr.,REP,7062.0
Todd,U.S. House,1, James Comer Jr.,REP,2640.0
Trigg,U.S. House,1, James Comer Jr.,REP,3910.0
Union,U.S. House,1, James Comer Jr.,REP,3570.0
Washington,U.S. House,1, James Comer Jr.,REP,128.0
Webster,U.S. House,1, James Comer Jr.,REP,3034.0
Total Votes,U.S. House,1, James Comer Jr.,REP,172167.0
Adair,U.S. House,1,Paul Walker,DEM,1273.0
Allen,U.S. House,1,Paul Walker,DEM,1295.0
Ballard,U.S. House,1,Paul Walker,DEM,1027.0
Caldwell,U.S. House,1,Paul Walker,DEM,1474.0
Calloway,U.S. House,1,Paul Walker,DEM,4809.0
Carlisle,U.S. House,1,Paul Walker,DEM,603.0
Casey,U.S. House,1,Paul Walker,DEM,630.0
Christian,U.S. House,1,Paul Walker,DEM,6622.0
Clinton,U.S. House,1,Paul Walker,DEM,516.0
Crittenden,U.S. House,1,Paul Walker,DEM,808.0
Cumberland,U.S. House,1,Paul Walker,DEM,422.0
Fulton,U.S. House,1,Paul Walker,DEM,696.0
Graves,U.S. House,1,Paul Walker,DEM,3701.0
Henderson,U.S. House,1,Paul Walker,DEM,6247.0
Hickman,U.S. House,1,Paul Walker,DEM,521.0
Hopkins,U.S. House,1,Paul Walker,DEM,5055.0
Livingston,U.S. House,1,Paul Walker,DEM,1136.0
Logan,U.S. House,1,Paul Walker,DEM,2893.0
Lyon,U.S. House,1,Paul Walker,DEM,1169.0
Marion,U.S. House,1,Paul Walker,DEM,2750.0
Marshall,U.S. House,1,Paul Walker,DEM,4576.0
McCracken,U.S. House,1,Paul Walker,DEM,8701.0
McLean,U.S. House,1,Paul Walker,DEM,1266.0
Metcalfe,U.S. House,1,Paul Walker,DEM,1017.0
Monroe,U.S. House,1,Paul Walker,DEM,386.0
Muhlenberg,U.S. House,1,Paul Walker,DEM,4739.0
Ohio,U.S. House,1,Paul Walker,DEM,2071.0
Russell,U.S. House,1,Paul Walker,DEM,1118.0
Simpson,U.S. House,1,Paul Walker,DEM,2332.0
Taylor,U.S. House,1,Paul Walker,DEM,2456.0
Todd,U.S. House,1,Paul Walker,DEM,1280.0
Trigg,U.S. House,1,Paul Walker,DEM,1866.0
Union,U.S. House,1,Paul Walker,DEM,1964.0
Washington,U.S. House,1,Paul Walker,DEM,69.0
Webster,U.S. House,1,Paul Walker,DEM,1361.0
Total Votes,U.S. House,1,Paul Walker,DEM,78849.0
Barren,U.S. House,2, Brett Guthrie,REP,10812.0
Boyle,U.S. House,2, Brett Guthrie,REP,6479.0
Breckinridge,U.S. House,2, Brett Guthrie,REP,5573.0
Bullitt,U.S. House,2, Brett Guthrie,REP,18205.0
Butler,U.S. House,2, Brett Guthrie,REP,3839.0
Daviess,U.S. House,2, Brett Guthrie,REP,21709.0
Edmonson,U.S. House,2, Brett Guthrie,REP,3429.0
Garrard,U.S. House,2, Brett Guthrie,REP,4416.0
Grayson,U.S. House,2, Brett Guthrie,REP,6439.0
Green,U.S. House,2, Brett Guthrie,REP,3462.0
Hancock,U.S. House,2, Brett Guthrie,REP,2240.0
Hardin,U.S. House,2, Brett Guthrie,REP,20258.0
Hart,U.S. House,2, Brett Guthrie,REP,4444.0
Jessamine,U.S. House,2, Brett Guthrie,REP,4323.0
Larue,U.S. House,2, Brett Guthrie,REP,3511.0
Meade,U.S. House,2, Brett Guthrie,REP,6589.0
Mercer,U.S. House,2, Brett Guthrie,REP,6090.0
Nelson,U.S. House,2, Brett Guthrie,REP,10150.0
Spencer,U.S. House,2, Brett Guthrie,REP,1627.0
Warren,U.S. House,2, Brett Guthrie,REP,25029.0
Washington,U.S. House,2, Brett Guthrie,REP,3076.0
Total Votes,U.S. House,2, Brett Guthrie,REP,171700.0
Barren,U.S. House,2,Hank Linderman,DEM,3744.0
Boyle,U.S. House,2,Hank Linderman,DEM,3828.0
Breckinridge,U.S. House,2,Hank Linderman,DEM,1945.0
Bullitt,U.S. House,2,Hank Linderman,DEM,7810.0
Butler,U.S. House,2,Hank Linderman,DEM,749.0
Daviess,U.S. House,2,Hank Linderman,DEM,12611.0
Edmonson,U.S. House,2,Hank Linderman,DEM,911.0
Garrard,U.S. House,2,Hank Linderman,DEM,1258.0
Grayson,U.S. House,2,Hank Linderman,DEM,1713.0
Green,U.S. House,2,Hank Linderman,DEM,669.0
Hancock,U.S. House,2,Hank Linderman,DEM,1282.0
Hardin,U.S. House,2,Hank Linderman,DEM,11887.0
Hart,U.S. House,2,Hank Linderman,DEM,1745.0
Jessamine,U.S. House,2,Hank Linderman,DEM,1529.0
Larue,U.S. House,2,Hank Linderman,DEM,1178.0
Meade,U.S. House,2,Hank Linderman,DEM,3189.0
Mercer,U.S. House,2,Hank Linderman,DEM,2.4130000000000003
Nelson,U.S. House,2,Hank Linderman,DEM,5617.0
Spencer,U.S. House,2,Hank Linderman,DEM,540.0
Warren,U.S. House,2,Hank Linderman,DEM,13935.0
Washington,U.S. House,2,Hank Linderman,DEM,1411.0
Total Votes,U.S. House,2,Hank Linderman,DEM,79964.0
Barren,U.S. House,2,Thomas Loecken ,IND,300.0
Boyle,U.S. House,2,Thomas Loecken ,IND,223.0
Breckinridge,U.S. House,2,Thomas Loecken ,IND,149.0
Bullitt,U.S. House,2,Thomas Loecken ,IND,696.0
Butler,U.S. House,2,Thomas Loecken ,IND,70.0
Daviess,U.S. House,2,Thomas Loecken ,IND,797.0
Edmonson,U.S. House,2,Thomas Loecken ,IND,67.0
Garrard,U.S. House,2,Thomas Loecken ,IND,113.0
Grayson,U.S. House,2,Thomas Loecken ,IND,191.0
Green,U.S. House,2,Thomas Loecken ,IND,67.0
Hancock,U.S. House,2,Thomas Loecken ,IND,93.0
Hardin,U.S. House,2,Thomas Loecken ,IND,835.0
Hart,U.S. House,2,Thomas Loecken ,IND,172.0
Jessamine,U.S. House,2,Thomas Loecken ,IND,137.0
Larue,U.S. House,2,Thomas Loecken ,IND,104.0
Meade,U.S. House,2,Thomas Loecken ,IND,273.0
Mercer,U.S. House,2,Thomas Loecken ,IND,190.0
Nelson,U.S. House,2,Thomas Loecken ,IND,360.0
Spencer,U.S. House,2,Thomas Loecken ,IND,52.0
Warren,U.S. House,2,Thomas Loecken ,IND,687.0
Washington,U.S. House,2,Thomas Loecken ,IND,105.0
Total Votes,U.S. House,2,Thomas Loecken ,IND,5681.0
Jefferson,U.S. House,3, John A. Yarmuth,DEM,173002.0
Total Votes,U.S. House,3, John A. Yarmuth,DEM,173002.0
Jefferson,U.S. House,3,Gregory Boles ,LIB,3788.0
Total Votes,U.S. House,3,Gregory Boles ,LIB,3788.0
Jefferson,U.S. House,3,Vickie Yates Glisson,REP,101930.0
Total Votes,U.S. House,3,Vickie Yates Glisson,REP,101930.0
Boone,U.S. House,4, Thomas Massie,REP,27912.0
Boyd,U.S. House,4, Thomas Massie,REP,6824.0
Bracken,U.S. House,4, Thomas Massie,REP,1947.0
Campbell,U.S. House,4, Thomas Massie,REP,19605.0
Carroll,U.S. House,4, Thomas Massie,REP,1904.0
Gallatin,U.S. House,4, Thomas Massie,REP,1876.0
Grant,U.S. House,4, Thomas Massie,REP,5205.0
Greenup,U.S. House,4, Thomas Massie,REP,8101.0
Harrison,U.S. House,4, Thomas Massie,REP,2512.0
Henry,U.S. House,4, Thomas Massie,REP,3735.0
Jefferson,U.S. House,4, Thomas Massie,REP,7082.0
Kenton,U.S. House,4, Thomas Massie,REP,30878.0
Lewis,U.S. House,4, Thomas Massie,REP,2620.0
Mason,U.S. House,4, Thomas Massie,REP,3666.0
Oldham,U.S. House,4, Thomas Massie,REP,16495.0
Owen,U.S. House,4, Thomas Massie,REP,2784.0
Pendleton,U.S. House,4, Thomas Massie,REP,3242.0
Shelby,U.S. House,4, Thomas Massie,REP,10567.0
Spencer,U.S. House,4, Thomas Massie,REP,4133.0
Trimble,U.S. House,4, Thomas Massie,REP,1858.0
Total Votes,U.S. House,4, Thomas Massie,REP,162946.0
Boone,U.S. House,4,David Goodwin,Write-In,3.0
Boyd,U.S. House,4,David Goodwin,Write-In,0.0
Bracken,U.S. House,4,David Goodwin,Write-In,0.0
Campbell,U.S. House,4,David Goodwin,Write-In,5.0
Carroll,U.S. House,4,David Goodwin,Write-In,0.0
Gallatin,U.S. House,4,David Goodwin,Write-In,0.0
Grant,U.S. House,4,David Goodwin,Write-In,0.0
Greenup,U.S. House,4,David Goodwin,Write-In,0.0
Harrison,U.S. House,4,David Goodwin,Write-In,0.0
Henry,U.S. House,4,David Goodwin,Write-In,0.0
Jefferson,U.S. House,4,David Goodwin,Write-In,0.0
Kenton,U.S. House,4,David Goodwin,Write-In,3.0
Lewis,U.S. House,4,David Goodwin,Write-In,0.0
Mason,U.S. House,4,David Goodwin,Write-In,0.0
Oldham,U.S. House,4,David Goodwin,Write-In,1.0
Owen,U.S. House,4,David Goodwin,Write-In,0.0
Pendleton,U.S. House,4,David Goodwin,Write-In,0.0
Shelby,U.S. House,4,David Goodwin,Write-In,0.0
Spencer,U.S. House,4,David Goodwin,Write-In,0.0
Trimble,U.S. House,4,David Goodwin,Write-In,0.0
Total Votes,U.S. House,4,David Goodwin,Write-In,12.0
Boone,U.S. House,4,Mike Moffett ,IND,1437.0
Boyd,U.S. House,4,Mike Moffett ,IND,326.0
Bracken,U.S. House,4,Mike Moffett ,IND,81.0
Campbell,U.S. House,4,Mike Moffett ,IND,1195.0
Carroll,U.S. House,4,Mike Moffett ,IND,99.0
Gallatin,U.S. House,4,Mike Moffett ,IND,139.0
Grant,U.S. House,4,Mike Moffett ,IND,232.0
Greenup,U.S. House,4,Mike Moffett ,IND,308.0
Harrison,U.S. House,4,Mike Moffett ,IND,83.0
Henry,U.S. House,4,Mike Moffett ,IND,200.0
Jefferson,U.S. House,4,Mike Moffett ,IND,102.0
Kenton,U.S. House,4,Mike Moffett ,IND,2148.0
Lewis,U.S. House,4,Mike Moffett ,IND,75.0
Mason,U.S. House,4,Mike Moffett ,IND,91.0
Oldham,U.S. House,4,Mike Moffett ,IND,706.0
Owen,U.S. House,4,Mike Moffett ,IND,132.0
Pendleton,U.S. House,4,Mike Moffett ,IND,140.0
Shelby,U.S. House,4,Mike Moffett ,IND,571.0
Spencer,U.S. House,4,Mike Moffett ,IND,174.0
Trimble,U.S. House,4,Mike Moffett ,IND,79.0
Total Votes,U.S. House,4,Mike Moffett ,IND,8318.0
Boone,U.S. House,4,Seth Hall,DEM,12548.0
Boyd,U.S. House,4,Seth Hall,DEM,4746.0
Bracken,U.S. House,4,Seth Hall,DEM,790.0
Campbell,U.S. House,4,Seth Hall,DEM,13111.0
Carroll,U.S. House,4,Seth Hall,DEM,1350.0
Gallatin,U.S. House,4,Seth Hall,DEM,898.0
Grant,U.S. House,4,Seth Hall,DEM,1816.0
Greenup,U.S. House,4,Seth Hall,DEM,4468.0
Harrison,U.S. House,4,Seth Hall,DEM,1259.0
Henry,U.S. House,4,Seth Hall,DEM,2230.0
Jefferson,U.S. House,4,Seth Hall,DEM,4172.0
Kenton,U.S. House,4,Seth Hall,DEM,20196.0
Lewis,U.S. House,4,Seth Hall,DEM,516.0
Mason,U.S. House,4,Seth Hall,DEM,1779.0
Oldham,U.S. House,4,Seth Hall,DEM,9824.0
Owen,U.S. House,4,Seth Hall,DEM,1168.0
Pendleton,U.S. House,4,Seth Hall,DEM,1193.0
Shelby,U.S. House,4,Seth Hall,DEM,5982.0
Spencer,U.S. House,4,Seth Hall,DEM,1460.0
Trimble,U.S. House,4,Seth Hall,DEM,1030.0
Total Votes,U.S. House,4,Seth Hall,DEM,90536.0
Bell,U.S. House,5, Hal Rogers,REP,6155.0
Boyd,U.S. House,5, Hal Rogers,REP,2089.0
Breathitt,U.S. House,5, Hal Rogers,REP,3140.0
Carter,U.S. House,5, Hal Rogers,REP,5621.0
Clay,U.S. House,5, Hal Rogers,REP,4175.0
Elliott,U.S. House,5, Hal Rogers,REP,964.0
Floyd,U.S. House,5, Hal Rogers,REP,8763.0
Harlan,U.S. House,5, Hal Rogers,REP,6849.0
Jackson,U.S. House,5, Hal Rogers,REP,3579.0
Johnson,U.S. House,5, Hal Rogers,REP,6518.0
Knott,U.S. House,5, Hal Rogers,REP,3484.0
Knox,U.S. House,5, Hal Rogers,REP,7630.0
Laurel,U.S. House,5, Hal Rogers,REP,13811.0
Lawrence,U.S. House,5, Hal Rogers,REP,3903.0
Lee,U.S. House,5, Hal Rogers,REP,1935.0
Leslie,U.S. House,5, Hal Rogers,REP,3321.0
Letcher,U.S. House,5, Hal Rogers,REP,5917.0
Lincoln,U.S. House,5, Hal Rogers,REP,5919.0
Magoffin,U.S. House,5, Hal Rogers,REP,3859.0
Martin,U.S. House,5, Hal Rogers,REP,2836.0
McCreary,U.S. House,5, Hal Rogers,REP,4323.0
Morgan,U.S. House,5, Hal Rogers,REP,3077.0
Owsley,U.S. House,5, Hal Rogers,REP,1533.0
Perry,U.S. House,5, Hal Rogers,REP,7248.0
Pike,U.S. House,5, Hal Rogers,REP,14667.0
Pulaski,U.S. House,5, Hal Rogers,REP,18076.0
Rockcastle,U.S. House,5, Hal Rogers,REP,4688.0
Rowan,U.S. House,5, Hal Rogers,REP,4603.0
Wayne,U.S. House,5, Hal Rogers,REP,5381.0
Whitley,U.S. House,5, Hal Rogers,REP,8029.0
Total Votes,U.S. House,5, Hal Rogers,REP,172093.0
Bell,U.S. House,5,Billy Ray Wilson,Write-In,0.0
Boyd,U.S. House,5,Billy Ray Wilson,Write-In,0.0
Breathitt,U.S. House,5,Billy Ray Wilson,Write-In,0.0
Carter,U.S. House,5,Billy Ray Wilson,Write-In,1.0
Clay,U.S. House,5,Billy Ray Wilson,Write-In,1.0
Elliott,U.S. House,5,Billy Ray Wilson,Write-In,3.0
Floyd,U.S. House,5,Billy Ray Wilson,Write-In,1.0
Harlan,U.S. House,5,Billy Ray Wilson,Write-In,0.0
Jackson,U.S. House,5,Billy Ray Wilson,Write-In,0.0
Johnson,U.S. House,5,Billy Ray Wilson,Write-In,0.0
Knott,U.S. House,5,Billy Ray Wilson,Write-In,0.0
Knox,U.S. House,5,Billy Ray Wilson,Write-In,0.0
Laurel,U.S. House,5,Billy Ray Wilson,Write-In,3.0
Lawrence,U.S. House,5,Billy Ray Wilson,Write-In,0.0
Lee,U.S. House,5,Billy Ray Wilson,Write-In,0.0
Leslie,U.S. House,5,Billy Ray Wilson,Write-In,0.0
Letcher,U.S. House,5,Billy Ray Wilson,Write-In,2.0
Lincoln,U.S. House,5,Billy Ray Wilson,Write-In,2.0
Magoffin,U.S. House,5,Billy Ray Wilson,Write-In,0.0
Martin,U.S. House,5,Billy Ray Wilson,Write-In,0.0
McCreary,U.S. House,5,Billy Ray Wilson,Write-In,0.0
Morgan,U.S. House,5,Billy Ray Wilson,Write-In,0.0
Owsley,U.S. House,5,Billy Ray Wilson,Write-In,0.0
Perry,U.S. House,5,Billy Ray Wilson,Write-In,1.0
Pike,U.S. House,5,Billy Ray Wilson,Write-In,1.0
Pulaski,U.S. House,5,Billy Ray Wilson,Write-In,3.0
Rockcastle,U.S. House,5,Billy Ray Wilson,Write-In,1.0
Rowan,U.S. House,5,Billy Ray Wilson,Write-In,10.0
Wayne,U.S. House,5,Billy Ray Wilson,Write-In,0.0
Whitley,U.S. House,5,Billy Ray Wilson,Write-In,5.0
Total Votes,U.S. House,5,Billy Ray Wilson,Write-In,34.0
Bell,U.S. House,5,Kenneth Stepp,DEM,1320.0
Boyd,U.S. House,5,Kenneth Stepp,DEM,1042.0
Breathitt,U.S. House,5,Kenneth Stepp,DEM,1367.0
Carter,U.S. House,5,Kenneth Stepp,DEM,2787.0
Clay,U.S. House,5,Kenneth Stepp,DEM,796.0
Elliott,U.S. House,5,Kenneth Stepp,DEM,803.0
Floyd,U.S. House,5,Kenneth Stepp,DEM,3499.0
Harlan,U.S. House,5,Kenneth Stepp,DEM,1395.0
Jackson,U.S. House,5,Kenneth Stepp,DEM,372.0
Johnson,U.S. House,5,Kenneth Stepp,DEM,1261.0
Knott,U.S. House,5,Kenneth Stepp,DEM,1648.0
Knox,U.S. House,5,Kenneth Stepp,DEM,1445.0
Laurel,U.S. House,5,Kenneth Stepp,DEM,2598.0
Lawrence,U.S. House,5,Kenneth Stepp,DEM,1240.0
Lee,U.S. House,5,Kenneth Stepp,DEM,423.0
Leslie,U.S. House,5,Kenneth Stepp,DEM,384.0
Letcher,U.S. House,5,Kenneth Stepp,DEM,1749.0
Lincoln,U.S. House,5,Kenneth Stepp,DEM,1648.0
Magoffin,U.S. House,5,Kenneth Stepp,DEM,1422.0
Martin,U.S. House,5,Kenneth Stepp,DEM,401.0
McCreary,U.S. House,5,Kenneth Stepp,DEM,637.0
Morgan,U.S. House,5,Kenneth Stepp,DEM,1152.0
Owsley,U.S. House,5,Kenneth Stepp,DEM,288.0
Perry,U.S. House,5,Kenneth Stepp,DEM,2332.0
Pike,U.S. House,5,Kenneth Stepp,DEM,4328.0
Pulaski,U.S. House,5,Kenneth Stepp,DEM,3384.0
Rockcastle,U.S. House,5,Kenneth Stepp,DEM,666.0
Rowan,U.S. House,5,Kenneth Stepp,DEM,2837.0
Wayne,U.S. House,5,Kenneth Stepp,DEM,1232.0
Whitley,U.S. House,5,Kenneth Stepp,DEM,1434.0
Total Votes,U.S. House,5,Kenneth Stepp,DEM,45890.0
Anderson,U.S. House,6, Andy Barr,REP,6864.0
Bath,U.S. House,6, Andy Barr,REP,2768.0
Bourbon,U.S. House,6, Andy Barr,REP,4922.0
Clark,U.S. House,6, Andy Barr,REP,9119.0
Estill,U.S. House,6, Andy Barr,REP,3948.0
Fayette,U.S. House,6, Andy Barr,REP,47735.0
Fleming,U.S. House,6, Andy Barr,REP,3926.0
Franklin,U.S. House,6, Andy Barr,REP,9860.0
Harrison,U.S. House,6, Andy Barr,REP,1582.0
Jessamine,U.S. House,6, Andy Barr,REP,8876.0
Madison,U.S. House,6, Andy Barr,REP,20367.0
Menifee,U.S. House,6, Andy Barr,REP,1800.0
Montgomery,U.S. House,6, Andy Barr,REP,6484.0
Nicholas,U.S. House,6, Andy Barr,REP,1603.0
Powell,U.S. House,6, Andy Barr,REP,3179.0
Robertson,U.S. House,6, Andy Barr,REP,531.0
Scott,U.S. House,6, Andy Barr,REP,12522.0
Wolfe,U.S. House,6, Andy Barr,REP,1450.0
Woodford,U.S. House,6, Andy Barr,REP,6932.0
Total Votes,U.S. House,6, Andy Barr,REP,154468.0
Anderson,U.S. House,6,Amy McGrath,DEM,3386.0
Bath,U.S. House,6,Amy McGrath,DEM,1776.0
Bourbon,U.S. House,6,Amy McGrath,DEM,3123.0
Clark,U.S. House,6,Amy McGrath,DEM,5418.0
Estill,U.S. House,6,Amy McGrath,DEM,1471.0
Fayette,U.S. House,6,Amy McGrath,DEM,72536.0
Fleming,U.S. House,6,Amy McGrath,DEM,1638.0
Franklin,U.S. House,6,Amy McGrath,DEM,11702.0
Harrison,U.S. House,6,Amy McGrath,DEM,1001.0
Jessamine,U.S. House,6,Amy McGrath,DEM,5471.0
Madison,U.S. House,6,Amy McGrath,DEM,13523.0
Menifee,U.S. House,6,Amy McGrath,DEM,976.0
Montgomery,U.S. House,6,Amy McGrath,DEM,3662.0
Nicholas,U.S. House,6,Amy McGrath,DEM,924.0
Powell,U.S. House,6,Amy McGrath,DEM,1671.0
Robertson,U.S. House,6,Amy McGrath,DEM,296.0
Scott,U.S. House,6,Amy McGrath,DEM,9159.0
Wolfe,U.S. House,6,Amy McGrath,DEM,1125.0
Woodford,U.S. House,6,Amy McGrath,DEM,5878.0
Total Votes,U.S. House,6,Amy McGrath,DEM,144736.0
Anderson,U.S. House,6,Frank Harris ,LIB,65.0
Bath,U.S. House,6,Frank Harris ,LIB,32.0
Bourbon,U.S. House,6,Frank Harris ,LIB,71.0
Clark,U.S. House,6,Frank Harris ,LIB,112.0
Estill,U.S. House,6,Frank Harris ,LIB,35.0
Fayette,U.S. House,6,Frank Harris ,LIB,790.0
Fleming,U.S. House,6,Frank Harris ,LIB,31.0
Franklin,U.S. House,6,Frank Harris ,LIB,184.0
Harrison,U.S. House,6,Frank Harris ,LIB,30.0
Jessamine,U.S. House,6,Frank Harris ,LIB,112.0
Madison,U.S. House,6,Frank Harris ,LIB,259.0
Menifee,U.S. House,6,Frank Harris ,LIB,17.0
Montgomery,U.S. House,6,Frank Harris ,LIB,74.0
Nicholas,U.S. House,6,Frank Harris ,LIB,11.0
Powell,U.S. House,6,Frank Harris ,LIB,52.0
Robertson,U.S. House,6,Frank Harris ,LIB,4.0
Scott,U.S. House,6,Frank Harris ,LIB,171.0
Wolfe,U.S. House,6,Frank Harris ,LIB,22.0
Woodford,U.S. House,6,Frank Harris ,LIB,78.0
Total Votes,U.S. House,6,Frank Harris ,LIB,2150.0
Anderson,U.S. House,6,Rikka Wallin ,IND,33.0
Bath,U.S. House,6,Rikka Wallin ,IND,16.0
Bourbon,U.S. House,6,Rikka Wallin ,IND,26.0
Clark,U.S. House,6,Rikka Wallin ,IND,42.0
Estill,U.S. House,6,Rikka Wallin ,IND,12.0
Fayette,U.S. House,6,Rikka Wallin ,IND,400.0
Fleming,U.S. House,6,Rikka Wallin ,IND,12.0
Franklin,U.S. House,6,Rikka Wallin ,IND,114.0
Harrison,U.S. House,6,Rikka Wallin ,IND,14.0
Jessamine,U.S. House,6,Rikka Wallin ,IND,50.0
Madison,U.S. House,6,Rikka Wallin ,IND,102.0
Menifee,U.S. House,6,Rikka Wallin ,IND,14.0
Montgomery,U.S. House,6,Rikka Wallin ,IND,28.0
Nicholas,U.S. House,6,Rikka Wallin ,IND,11.0
Powell,U.S. House,6,Rikka Wallin ,IND,22.0
Robertson,U.S. House,6,Rikka Wallin ,IND,2.0
Scott,U.S. House,6,Rikka Wallin ,IND,85.0
Wolfe,U.S. House,6,Rikka Wallin ,IND,8.0
Woodford,U.S. House,6,Rikka Wallin ,IND,20.0
Total Votes,U.S. House,6,Rikka Wallin ,IND,1011.0
Anderson,U.S. House,6,James Germalic,IND,21.0
Bath,U.S. House,6,James Germalic,IND,12.0
Bourbon,U.S. House,6,James Germalic,IND,21.0
Clark,U.S. House,6,James Germalic,IND,25.0
Estill,U.S. House,6,James Germalic,IND,7.0
Fayette,U.S. House,6,James Germalic,IND,151.0
Fleming,U.S. House,6,James Germalic,IND,11.0
Franklin,U.S. House,6,James Germalic,IND,61.0
Harrison,U.S. House,6,James Germalic,IND,4.0
Jessamine,U.S. House,6,James Germalic,IND,32.0
Madison,U.S. House,6,James Germalic,IND,60.0
Menifee,U.S. House,6,James Germalic,IND,13.0
Montgomery,U.S. House,6,James Germalic,IND,34.0
Nicholas,U.S. House,6,James Germalic,IND,2.0
Powell,U.S. House,6,James Germalic,IND,16.0
Robertson,U.S. House,6,James Germalic,IND,1.0
Scott,U.S. House,6,James Germalic,IND,32.0
Wolfe,U.S. House,6,James Germalic,IND,6.0
Woodford,U.S. House,6,James Germalic,IND,14.0
Total Votes,U.S. House,6,James Germalic,IND,523.0
Ballard,State Senate,2,Julie Tennyson,REP,1246.0
Carlisle,State Senate,2,Julie Tennyson,REP,739.0
Marshall,State Senate,2,Julie Tennyson,REP,4904.0
McCracken,State Senate,2,Julie Tennyson,REP,9539.0
Total Votes,State Senate,2,Julie Tennyson,REP,16428.0
Ballard,State Senate,2, Danny Carroll,DEM,2208.0
Carlisle,State Senate,2, Danny Carroll,DEM,1559.0
Marshall,State Senate,2, Danny Carroll,DEM,9588.0
McCracken,State Senate,2, Danny Carroll,DEM,14897.0
Total Votes,State Senate,2, Danny Carroll,DEM,28252.0
Caldwell,State Senate,4,Dorsey Ridley,REP,2309.0
Crittenden,State Senate,4,Dorsey Ridley,REP,1219.0
Henderson,State Senate,4,Dorsey Ridley,REP,8718.0
Livingston,State Senate,4,Dorsey Ridley,REP,1595.0
Union,State Senate,4,Dorsey Ridley,REP,2661.0
Webster,State Senate,4,Dorsey Ridley,REP,2071.0
Total Votes,State Senate,4,Dorsey Ridley,REP,18573.0
Caldwell,State Senate,4, Robert Mills,DEM,2660.0
Crittenden,State Senate,4, Robert Mills,DEM,2144.0
Henderson,State Senate,4, Robert Mills,DEM,6586.0
Livingston,State Senate,4, Robert Mills,DEM,2216.0
Union,State Senate,4, Robert Mills,DEM,3028.0
Webster,State Senate,4, Robert Mills,DEM,2423.0
Total Votes,State Senate,4, Robert Mills,DEM,19057.0
Butler,State Senate,6,Crystal Chappell,REP,767.0
Hopkins,State Senate,6,Crystal Chappell,REP,5245.0
Muhlenberg,State Senate,6,Crystal Chappell,REP,5369.0
Ohio,State Senate,6,Crystal Chappell,REP,1836.0
Total Votes,State Senate,6,Crystal Chappell,REP,13217.0
Butler,State Senate,6, C.B. Embry Jr.,DEM,3973.0
Hopkins,State Senate,6, C.B. Embry Jr.,DEM,10887.0
Muhlenberg,State Senate,6, C.B. Embry Jr.,DEM,5952.0
Ohio,State Senate,6, C.B. Embry Jr.,DEM,6327.0
Total Votes,State Senate,6, C.B. Embry Jr.,DEM,27139.0
Daviess,State Senate,8,Bob Glenn,DEM,14808.0
Hancock,State Senate,8,Bob Glenn,DEM,1824.0
McLean,State Senate,8,Bob Glenn,DEM,1387.0
Total Votes,State Senate,8,Bob Glenn,DEM,18019.0
Daviess,State Senate,8, Matt Castlen,REP,20650.0
Hancock,State Senate,8, Matt Castlen,REP,1891.0
McLean,State Senate,8, Matt Castlen,REP,2566.0
Total Votes,State Senate,8, Matt Castlen,REP,25107.0
Hardin,State Senate,10, Dennis Parrett,DEM,22267.0
Jefferson,State Senate,10, Dennis Parrett,DEM,1957.0
Total Votes,State Senate,10, Dennis Parrett,DEM,24224.0
Fayette,State Senate,12,Paula Setser-Kissick,DEM,26102.0
Total Votes,State Senate,12,Paula Setser-Kissick,DEM,26102.0
Fayette,State Senate,12, Alice Forgy Kerr,REP,26874.0
Total Votes,State Senate,12, Alice Forgy Kerr,REP,26874.0
Casey,State Senate,14,Stephanie Compton,DEM,697.0
Jefferson,State Senate,14,Stephanie Compton,DEM,4748.0
Marion,State Senate,14,Stephanie Compton,DEM,2310.0
Nelson,State Senate,14,Stephanie Compton,DEM,5810.0
Spencer,State Senate,14,Stephanie Compton,DEM,2277.0
Total Votes,State Senate,14,Stephanie Compton,DEM,15842.0
Casey,State Senate,14, Jimmy Higdon,REP,4129.0
Jefferson,State Senate,14, Jimmy Higdon,REP,5122.0
Marion,State Senate,14, Jimmy Higdon,REP,4181.0
Nelson,State Senate,14, Jimmy Higdon,REP,10582.0
Spencer,State Senate,14, Jimmy Higdon,REP,5738.0
Total Votes,State Senate,14, Jimmy Higdon,REP,29752.0
Adair,State Senate,16, Max Wise,REP,5691.0
Clinton,State Senate,16, Max Wise,REP,2900.0
Cumberland,State Senate,16, Max Wise,REP,2133.0
McCreary,State Senate,16, Max Wise,REP,3936.0
Russell,State Senate,16, Max Wise,REP,5894.0
Taylor,State Senate,16, Max Wise,REP,8113.0
Wayne,State Senate,16, Max Wise,REP,4780.0
Total Votes,State Senate,16, Max Wise,REP,33447.0
Adair,State Senate,16,Nicole Britton,Write-In,339.0
Clinton,State Senate,16,Nicole Britton,Write-In,161.0
Cumberland,State Senate,16,Nicole Britton,Write-In,69.0
McCreary,State Senate,16,Nicole Britton,Write-In,77.0
Russell,State Senate,16,Nicole Britton,Write-In,34.0
Taylor,State Senate,16,Nicole Britton,Write-In,346.0
Wayne,State Senate,16,Nicole Britton,Write-In,99.0
Total Votes,State Senate,16,Nicole Britton,Write-In,1125.0
Boyd,State Senate,18, Robin Webb,DEM,6983.0
Carter,State Senate,18, Robin Webb,DEM,2991.0
Greenup,State Senate,18, Robin Webb,DEM,5849.0
Total Votes,State Senate,18, Robin Webb,DEM,15823.0
Boyd,State Senate,18,Scott Sharp,REP,8414.0
Carter,State Senate,18,Scott Sharp,REP,5895.0
Greenup,State Senate,18,Scott Sharp,REP,7335.0
Total Votes,State Senate,18,Scott Sharp,REP,21644.0
Carroll,State Senate,20,Dave Suetholz,DEM,1648.0
Henry,State Senate,20,Dave Suetholz,DEM,2846.0
Jefferson,State Senate,20,Dave Suetholz,DEM,7160.0
Shelby,State Senate,20,Dave Suetholz,DEM,7026.0
Trimble,State Senate,20,Dave Suetholz,DEM,1149.0
Total Votes,State Senate,20,Dave Suetholz,DEM,19829.0
Carroll,State Senate,20, Paul Hornback,REP,1785.0
Henry,State Senate,20, Paul Hornback,REP,3434.0
Jefferson,State Senate,20, Paul Hornback,REP,8334.0
Shelby,State Senate,20, Paul Hornback,REP,10360.0
Trimble,State Senate,20, Paul Hornback,REP,1862.0
Total Votes,State Senate,20, Paul Hornback,REP,25775.0
Fayette,State Senate,22,Carolyn Dupont,DEM,1911.0
Garrard,State Senate,22,Carolyn Dupont,DEM,1557.0
Jessamine,State Senate,22,Carolyn Dupont,DEM,6437.0
Mercer,State Senate,22,Carolyn Dupont,DEM,2778.0
Washington,State Senate,22,Carolyn Dupont,DEM,2009.0
Total Votes,State Senate,22,Carolyn Dupont,DEM,14692.0
Fayette,State Senate,22, Tom Buford,REP,1516.0
Garrard,State Senate,22, Tom Buford,REP,4307.0
Jessamine,State Senate,22, Tom Buford,REP,13953.0
Mercer,State Senate,22, Tom Buford,REP,5957.0
Washington,State Senate,22, Tom Buford,REP,2804.0
Total Votes,State Senate,22, Tom Buford,REP,28537.0
Bracken,State Senate,24,Rachel Roberts,DEM,1277.0
Campbell,State Senate,24,Rachel Roberts,DEM,15312.0
Pendleton,State Senate,24,Rachel Roberts,DEM,1369.0
Total Votes,State Senate,24,Rachel Roberts,DEM,17958.0
Bracken,State Senate,24, Wil Schroder,REP,1601.0
Campbell,State Senate,24, Wil Schroder,REP,18853.0
Pendleton,State Senate,24, Wil Schroder,REP,3251.0
Total Votes,State Senate,24, Wil Schroder,REP,23705.0
Jefferson,State Senate,26,Karen Berg,DEM,16452.0
Oldham,State Senate,26,Karen Berg,DEM,10072.0
Total Votes,State Senate,26,Karen Berg,DEM,26524.0
Jefferson,State Senate,26,Jody Hurt ,IND,279.0
Oldham,State Senate,26,Jody Hurt ,IND,799.0
Total Votes,State Senate,26,Jody Hurt ,IND,1078.0
Jefferson,State Senate,26, Ernie Harris,REP,13374.0
Oldham,State Senate,26, Ernie Harris,REP,16251.0
Total Votes,State Senate,26, Ernie Harris,REP,29625.0
Clark,State Senate,28,Denise Gray,DEM,5643.0
Fayette,State Senate,28,Denise Gray,DEM,11031.0
Montgomery,State Senate,28,Denise Gray,DEM,3617.0
Total Votes,State Senate,28,Denise Gray,DEM,20291.0
Clark,State Senate,28, Ralph Alvarado,REP,8907.0
Fayette,State Senate,28, Ralph Alvarado,REP,7836.0
Montgomery,State Senate,28, Ralph Alvarado,REP,6469.0
Total Votes,State Senate,28, Ralph Alvarado,REP,23212.0
Bell,State Senate,30,Paula Clemons-Combs,DEM,1519.0
Breathitt,State Senate,30,Paula Clemons-Combs,DEM,2515.0
Johnson,State Senate,30,Paula Clemons-Combs,DEM,1470.0
Leslie,State Senate,30,Paula Clemons-Combs,DEM,408.0
Magoffin,State Senate,30,Paula Clemons-Combs,DEM,1824.0
Perry,State Senate,30,Paula Clemons-Combs,DEM,2415.0
Total Votes,State Senate,30,Paula Clemons-Combs,DEM,10151.0
Bell,State Senate,30, Brandon Smith,REP,5784.0
Breathitt,State Senate,30, Brandon Smith,REP,2067.0
Johnson,State Senate,30, Brandon Smith,REP,6090.0
Leslie,State Senate,30, Brandon Smith,REP,3265.0
Magoffin,State Senate,30, Brandon Smith,REP,3271.0
Perry,State Senate,30, Brandon Smith,REP,7270.0
Total Votes,State Senate,30, Brandon Smith,REP,27747.0
Warren,State Senate,32,Jeanie Smith,DEM,18952.0
Total Votes,State Senate,32,Jeanie Smith,DEM,18952.0
Warren,State Senate,32, Mike Wilson,REP,20803.0
Total Votes,State Senate,32, Mike Wilson,REP,20803.0
Fayette,State Senate,34,Susan Byrne Haddix,DEM,3081.0
Madison,State Senate,34,Susan Byrne Haddix,DEM,13292.0
Rockcastle,State Senate,34,Susan Byrne Haddix,DEM,1004.0
Total Votes,State Senate,34,Susan Byrne Haddix,DEM,17377.0
Fayette,State Senate,34, Jared Carpenter,REP,3581.0
Madison,State Senate,34, Jared Carpenter,REP,20306.0
Rockcastle,State Senate,34, Jared Carpenter,REP,4258.0
Total Votes,State Senate,34, Jared Carpenter,REP,28145.0
Jefferson,State Senate,36,Sheri Donahue,DEM,25977.0
Total Votes,State Senate,36,Sheri Donahue,DEM,25977.0
Jefferson,State Senate,36, Julie Raque Adams,REP,29729.0
Total Votes,State Senate,36, Julie Raque Adams,REP,29729.0
Bullitt,State Senate,38, Dan Seum,REP,17320.0
Jefferson,State Senate,38, Dan Seum,REP,8481.0
Total Votes,State Senate,38, Dan Seum,REP,25801.0
Bullitt,State Senate,38,Andrew Bailey,Write-In,1653.0
Jefferson,State Senate,38,Andrew Bailey,Write-In,676.0
Total Votes,State Senate,38,Andrew Bailey,Write-In,2329.0
Bullitt,State Senate,38,"Brenda Sue ""Susie"" Board ",IND,5198.0
Jefferson,State Senate,38,"Brenda Sue ""Susie"" Board ",IND,4670.0
Total Votes,State Senate,38,"Brenda Sue ""Susie"" Board ",IND,9868.0
Ballard,State Representative ,1, Steven Rudy,REP,2060.0
Carlisle,State Representative ,1, Steven Rudy,REP,1525.0
Fulton,State Representative ,1, Steven Rudy,REP,1187.0
Hickman,State Representative ,1, Steven Rudy,REP,1193.0
McCracken,State Representative ,1, Steven Rudy,REP,5085.0
Total Votes,State Representative ,1, Steven Rudy,REP,11050.0
Ballard,State Representative ,1,Desiree Owen,DEM,1410.0
Carlisle,State Representative ,1,Desiree Owen,DEM,797.0
Fulton,State Representative ,1,Desiree Owen,DEM,710.0
Hickman,State Representative ,1,Desiree Owen,DEM,563.0
McCracken,State Representative ,1,Desiree Owen,DEM,1965.0
Total Votes,State Representative ,1,Desiree Owen,DEM,5445.0
Graves,State Representative ,2, Richard Heath,REP,9162.0
McCracken,State Representative ,2, Richard Heath,REP,1718.0
Total Votes,State Representative ,2, Richard Heath,REP,10880.0
Graves,State Representative ,2,Charlotte Goddard,DEM,4329.0
McCracken,State Representative ,2,Charlotte Goddard,DEM,593.0
Total Votes,State Representative ,2,Charlotte Goddard,DEM,4922.0
McCracken,State Representative ,3, Randy Bridges,REP,7484.0
Total Votes,State Representative ,3, Randy Bridges,REP,7484.0
McCracken,State Representative ,3,Martha Emmons,DEM,6553.0
Total Votes,State Representative ,3,Martha Emmons,DEM,6553.0
Caldwell,State Representative ,4, Lynn Bechler,REP,3058.0
Christian,State Representative ,4, Lynn Bechler,REP,2574.0
Crittenden,State Representative ,4, Lynn Bechler,REP,2191.0
Livingston,State Representative ,4, Lynn Bechler,REP,2180.0
Total Votes,State Representative ,4, Lynn Bechler,REP,10003.0
Caldwell,State Representative ,4,Abigail Barnes,DEM,1887.0
Christian,State Representative ,4,Abigail Barnes,DEM,1061.0
Crittenden,State Representative ,4,Abigail Barnes,DEM,1170.0
Livingston,State Representative ,4,Abigail Barnes,DEM,1645.0
Total Votes,State Representative ,4,Abigail Barnes,DEM,5763.0
Calloway,State Representative ,5, Larry Elkins,REP,7103.0
Trigg,State Representative ,5, Larry Elkins,REP,2223.0
Total Votes,State Representative ,5, Larry Elkins,REP,9326.0
Calloway,State Representative ,5,David Ramey,DEM,5504.0
Trigg,State Representative ,5,David Ramey,DEM,1235.0
Total Votes,State Representative ,5,David Ramey,DEM,6739.0
Lyon,State Representative ,6, Chris Freeland,REP,2092.0
Marshall,State Representative ,6, Chris Freeland,REP,9412.0
McCracken,State Representative ,6, Chris Freeland,REP,732.0
Total Votes,State Representative ,6, Chris Freeland,REP,12236.0
Lyon,State Representative ,6,Linda Story Edwards,DEM,1334.0
Marshall,State Representative ,6,Linda Story Edwards,DEM,5125.0
McCracken,State Representative ,6,Linda Story Edwards,DEM,268.0
Total Votes,State Representative ,6,Linda Story Edwards,DEM,6727.0
Daviess,State Representative ,7, Suzanne Miles,REP,5779.0
Henderson,State Representative ,7, Suzanne Miles,REP,1473.0
Union,State Representative ,7, Suzanne Miles,REP,3471.0
Total Votes,State Representative ,7, Suzanne Miles,REP,10723.0
Daviess,State Representative ,7,Joy Gray,DEM,3750.0
Henderson,State Representative ,7,Joy Gray,DEM,744.0
Union,State Representative ,7,Joy Gray,DEM,2208.0
Total Votes,State Representative ,7,Joy Gray,DEM,6702.0
Christian,State Representative ,8, Walker Thomas,REP,3813.0
Trigg,State Representative ,8, Walker Thomas,REP,1469.0
Total Votes,State Representative ,8, Walker Thomas,REP,5282.0
Christian,State Representative ,8,Jeff Taylor,DEM,3963.0
Trigg,State Representative ,8,Jeff Taylor,DEM,852.0
Total Votes,State Representative ,8,Jeff Taylor,DEM,4815.0
Christian,State Representative ,9, Myron Dossett,REP,4130.0
Hopkins,State Representative ,9, Myron Dossett,REP,3665.0
Total Votes,State Representative ,9, Myron Dossett,REP,7795.0
Christian,State Representative ,9,William Coleman,DEM,1444.0
Hopkins,State Representative ,9,William Coleman,DEM,1932.0
Total Votes,State Representative ,9,William Coleman,DEM,3376.0
Breckinridge,State Representative ,10, Dean Schamore,DEM,4021.0
Hancock,State Representative ,10, Dean Schamore,DEM,2175.0
Hardin,State Representative ,10, Dean Schamore,DEM,2377.0
Total Votes,State Representative ,10, Dean Schamore,DEM,8573.0
Breckinridge,State Representative ,10,Josh Calloway,REP,3921.0
Hancock,State Representative ,10,Josh Calloway,REP,1548.0
Hardin,State Representative ,10,Josh Calloway,REP,2549.0
Total Votes,State Representative ,10,Josh Calloway,REP,8018.0
Daviess,State Representative ,11, Robert Wiederstein,DEM,753.0
Henderson,State Representative ,11, Robert Wiederstein,DEM,7241.0
Total Votes,State Representative ,11, Robert Wiederstein,DEM,7994.0
Daviess,State Representative ,11,James Buckmaster,REP,1088.0
Henderson,State Representative ,11,James Buckmaster,REP,5782.0
Total Votes,State Representative ,11,James Buckmaster,REP,6870.0
Daviess,State Representative ,12, Jim Gooch Jr.,REP,1458.0
Hopkins,State Representative ,12, Jim Gooch Jr.,REP,4057.0
McLean,State Representative ,12, Jim Gooch Jr.,REP,2443.0
Webster,State Representative ,12, Jim Gooch Jr.,REP,2896.0
Total Votes,State Representative ,12, Jim Gooch Jr.,REP,10854.0
Daviess,State Representative ,12,Bruce Kunze,DEM,1224.0
Hopkins,State Representative ,12,Bruce Kunze,DEM,1855.0
McLean,State Representative ,12,Bruce Kunze,DEM,1520.0
Webster,State Representative ,12,Bruce Kunze,DEM,1572.0
Total Votes,State Representative ,12,Bruce Kunze,DEM,6171.0
Daviess,State Representative ,13,D.J. Johnson,REP,6318.0
Total Votes,State Representative ,13,D.J. Johnson,REP,6318.0
Daviess,State Representative ,13,James Glenn Jr.,DEM,6319.0
Total Votes,State Representative ,13,James Glenn Jr.,DEM,6319.0
Daviess,State Representative ,14, Scott Lewis,REP,5328.0
Ohio,State Representative ,14, Scott Lewis,REP,6429.0
Total Votes,State Representative ,14, Scott Lewis,REP,11757.0
Daviess,State Representative ,14,Elizabeth Belcher,DEM,3111.0
Ohio,State Representative ,14,Elizabeth Belcher,DEM,1725.0
Total Votes,State Representative ,14,Elizabeth Belcher,DEM,4836.0
Hopkins,State Representative ,15, Melinda Gibbons Prunty,REP,2702.0
Muhlenberg,State Representative ,15, Melinda Gibbons Prunty,REP,5828.0
Total Votes,State Representative ,15, Melinda Gibbons Prunty,REP,8530.0
Hopkins,State Representative ,15,Brent Yonts,DEM,1815.0
Muhlenberg,State Representative ,15,Brent Yonts,DEM,5587.0
Total Votes,State Representative ,15,Brent Yonts,DEM,7402.0
Logan,State Representative ,16, Jason Petrie,REP,6154.0
Todd,State Representative ,16, Jason Petrie,REP,3204.0
Warren,State Representative ,16, Jason Petrie,REP,683.0
Total Votes,State Representative ,16, Jason Petrie,REP,10041.0
Logan,State Representative ,16,Robert Nelson,Write-In,1259.0
Todd,State Representative ,16,Robert Nelson,Write-In,208.0
Warren,State Representative ,16,Robert Nelson,Write-In,10.0
Total Votes,State Representative ,16,Robert Nelson,Write-In,1477.0
Butler,State Representative ,17, Steve Sheldon,REP,3673.0
Warren,State Representative ,17, Steve Sheldon,REP,9048.0
Total Votes,State Representative ,17, Steve Sheldon,REP,12721.0
Butler,State Representative ,17,Malcolm Cherry,DEM,1015.0
Warren,State Representative ,17,Malcolm Cherry,DEM,4813.0
Total Votes,State Representative ,17,Malcolm Cherry,DEM,5828.0
Grayson,State Representative ,18, Tim Moore,REP,5988.0
Hardin,State Representative ,18, Tim Moore,REP,4222.0
Total Votes,State Representative ,18, Tim Moore,REP,10210.0
Grayson,State Representative ,18,Donielle Lovell,DEM,2441.0
Hardin,State Representative ,18,Donielle Lovell,DEM,2231.0
Total Votes,State Representative ,18,Donielle Lovell,DEM,4672.0
Edmonson,State Representative ,19, Michael Meredith,REP,3078.0
Warren,State Representative ,19, Michael Meredith,REP,6235.0
Total Votes,State Representative ,19, Michael Meredith,REP,9313.0
Edmonson,State Representative ,19,William Fishback,DEM,1359.0
Warren,State Representative ,19,William Fishback,DEM,4473.0
Total Votes,State Representative ,19,William Fishback,DEM,5832.0
Warren,State Representative ,20, Patti Minter,DEM,5436.0
Total Votes,State Representative ,20, Patti Minter,DEM,5436.0
Warren,State Representative ,20,Benjamin Lawson,REP,6253.0
Total Votes,State Representative ,20,Benjamin Lawson,REP,6253.0
Hardin,State Representative ,21, Bart Rowland,REP,502.0
Hart,State Representative ,21, Bart Rowland,REP,3983.0
Metcalfe,State Representative ,21, Bart Rowland,REP,3021.0
Monroe,State Representative ,21, Bart Rowland,REP,3401.0
Total Votes,State Representative ,21, Bart Rowland,REP,10907.0
Hardin,State Representative ,21,Jarrett Cox,DEM,205.0
Hart,State Representative ,21,Jarrett Cox,DEM,2319.0
Metcalfe,State Representative ,21,Jarrett Cox,DEM,1208.0
Monroe,State Representative ,21,Jarrett Cox,DEM,690.0
Total Votes,State Representative ,21,Jarrett Cox,DEM,4422.0
Allen,State Representative ,22, Wilson Stone,DEM,3846.0
Simpson,State Representative ,22, Wilson Stone,DEM,3204.0
Warren,State Representative ,22, Wilson Stone,DEM,902.0
Total Votes,State Representative ,22, Wilson Stone,DEM,7952.0
Allen,State Representative ,22,Brian Gann,REP,2584.0
Simpson,State Representative ,22,Brian Gann,REP,3169.0
Warren,State Representative ,22,Brian Gann,REP,1425.0
Total Votes,State Representative ,22,Brian Gann,REP,7178.0
Barren,State Representative ,23, Steve Riley,REP,10893.0
Warren,State Representative ,23, Steve Riley,REP,126.0
Total Votes,State Representative ,23, Steve Riley,REP,11019.0
Barren,State Representative ,23,LaToya Drake,DEM,4238.0
Warren,State Representative ,23,LaToya Drake,DEM,44.0
Total Votes,State Representative ,23,LaToya Drake,DEM,4282.0
Green,State Representative ,24, Brandon Reed,REP,3475.0
Larue,State Representative ,24, Brandon Reed,REP,3361.0
Marion,State Representative ,24, Brandon Reed,REP,2145.0
Total Votes,State Representative ,24, Brandon Reed,REP,8981.0
Green,State Representative ,24,Terry Mills,DEM,939.0
Larue,State Representative ,24,Terry Mills,DEM,1548.0
Marion,State Representative ,24,Terry Mills,DEM,4350.0
Total Votes,State Representative ,24,Terry Mills,DEM,6837.0
Hardin,State Representative ,25, Jim DuPlessis,REP,8889.0
Total Votes,State Representative ,25, Jim DuPlessis,REP,8889.0
Hardin,State Representative ,25,Tom Williamson,DEM,6191.0
Total Votes,State Representative ,25,Tom Williamson,DEM,6191.0
Bullitt,State Representative ,26,Scott Hrebicik,Write-In,53.0
Hardin,State Representative ,26,Scott Hrebicik,Write-In,12.0
Total Votes,State Representative ,26,Scott Hrebicik,Write-In,65.0
Bullitt,State Representative ,26, Russell Webber,REP,8670.0
Hardin,State Representative ,26, Russell Webber,REP,1660.0
Total Votes,State Representative ,26, Russell Webber,REP,10330.0
Hardin,State Representative ,27, Nancy Tate,REP,1637.0
Meade,State Representative ,27, Nancy Tate,REP,5301.0
Total Votes,State Representative ,27, Nancy Tate,REP,6938.0
Hardin,State Representative ,27,Jeff Greer,DEM,1851.0
Meade,State Representative ,27,Jeff Greer,DEM,5081.0
Total Votes,State Representative ,27,Jeff Greer,DEM,6932.0
Jefferson,State Representative ,28, Charles Miller,DEM,8405.0
Total Votes,State Representative ,28, Charles Miller,DEM,8405.0
Jefferson,State Representative ,29, Kevin Bratcher,REP,10570.0
Total Votes,State Representative ,29, Kevin Bratcher,REP,10570.0
Jefferson,State Representative ,29,Ronel Brown,DEM,9251.0
Total Votes,State Representative ,29,Ronel Brown,DEM,9251.0
Jefferson,State Representative ,30, Thomas Burch,DEM,9935.0
Total Votes,State Representative ,30, Thomas Burch,DEM,9935.0
Jefferson,State Representative ,30,Christina O'Connor,REP,3223.0
Total Votes,State Representative ,30,Christina O'Connor,REP,3223.0
Jefferson,State Representative ,31, Josie Raymond,DEM,10512.0
Total Votes,State Representative ,31, Josie Raymond,DEM,10512.0
Jefferson,State Representative ,31,Leigh Boland Jones,REP,7101.0
Total Votes,State Representative ,31,Leigh Boland Jones,REP,7101.0
Jefferson,State Representative ,32, Tina Bojanowski,DEM,10243.0
Total Votes,State Representative ,32, Tina Bojanowski,DEM,10243.0
Jefferson,State Representative ,32,Phil Moffett,REP,8877.0
Total Votes,State Representative ,32,Phil Moffett,REP,8877.0
Jefferson,State Representative ,33, Jason Michael Nemes,REP,8799.0
Oldham,State Representative ,33, Jason Michael Nemes,REP,2257.0
Total Votes,State Representative ,33, Jason Michael Nemes,REP,11056.0
Jefferson,State Representative ,33,Rob Walker,DEM,9123.0
Oldham,State Representative ,33,Rob Walker,DEM,1501.0
Total Votes,State Representative ,33,Rob Walker,DEM,10624.0
Jefferson,State Representative ,34, Mary Lou Marzian,DEM,17049.0
Total Votes,State Representative ,34, Mary Lou Marzian,DEM,17049.0
Jefferson,State Representative ,34,Robert James Douglas,REP,5714.0
Total Votes,State Representative ,34,Robert James Douglas,REP,5714.0
Jefferson,State Representative ,35, Lisa Willner,DEM,10279.0
Total Votes,State Representative ,35, Lisa Willner,DEM,10279.0
Jefferson,State Representative ,35,Donna Lawlor,REP,4812.0
Total Votes,State Representative ,35,Donna Lawlor,REP,4812.0
Jefferson,State Representative ,36, Jerry T. Miller,REP,13331.0
Oldham,State Representative ,36, Jerry T. Miller,REP,538.0
Total Votes,State Representative ,36, Jerry T. Miller,REP,13869.0
Jefferson,State Representative ,36,Maurice Sweeney,DEM,9537.0
Oldham,State Representative ,36,Maurice Sweeney,DEM,399.0
Total Votes,State Representative ,36,Maurice Sweeney,DEM,9936.0
Jefferson,State Representative ,37, Jeffery M. Donohue,DEM,6356.0
Total Votes,State Representative ,37, Jeffery M. Donohue,DEM,6356.0
Jefferson,State Representative ,37,Katharine Sweeton-Windsor,REP,4489.0
Total Votes,State Representative ,37,Katharine Sweeton-Windsor,REP,4489.0
Jefferson,State Representative ,38, McKenzie Cantrell,DEM,7116.0
Total Votes,State Representative ,38, McKenzie Cantrell,DEM,7116.0
Jefferson,State Representative ,38,Karl Licht,REP,4228.0
Total Votes,State Representative ,38,Karl Licht,REP,4228.0
Fayette,State Representative ,39, Russ Meyer,DEM,1819.0
Jessamine,State Representative ,39, Russ Meyer,DEM,10280.0
Total Votes,State Representative ,39, Russ Meyer,DEM,12099.0
Jefferson,State Representative ,40, Nima Kulkarni,DEM,8619.0
Total Votes,State Representative ,40, Nima Kulkarni,DEM,8619.0
Jefferson,State Representative ,40,Joshua Neubert,REP,3004.0
Total Votes,State Representative ,40,Joshua Neubert,REP,3004.0
Jefferson,State Representative ,40,Richard Ramirez,Write-In,0.0
Total Votes,State Representative ,40,Richard Ramirez,Write-In,0.0
Jefferson,State Representative ,41, Attica Scott,DEM,10933.0
Total Votes,State Representative ,41, Attica Scott,DEM,10933.0
Jefferson,State Representative ,42, Reginald Meeks,DEM,13617.0
Total Votes,State Representative ,42, Reginald Meeks,DEM,13617.0
Jefferson,State Representative ,42,Judy Stallard,REP,1710.0
Total Votes,State Representative ,42,Judy Stallard,REP,1710.0
Jefferson,State Representative ,43, Charles Booker,DEM,10798.0
Total Votes,State Representative ,43, Charles Booker,DEM,10798.0
Jefferson,State Representative ,43,Everett Corley,REP,3005.0
Total Votes,State Representative ,43,Everett Corley,REP,3005.0
Jefferson,State Representative ,43,John Hicks ,LIB,319.0
Total Votes,State Representative ,43,John Hicks ,LIB,319.0
Jefferson,State Representative ,44, Joni Jenkins,DEM,9505.0
Total Votes,State Representative ,44, Joni Jenkins,DEM,9505.0
Jefferson,State Representative ,44,Margaret Adkins,REP,4343.0
Total Votes,State Representative ,44,Margaret Adkins,REP,4343.0
Fayette,State Representative ,45, Stan Lee,REP,11789.0
Total Votes,State Representative ,45, Stan Lee,REP,11789.0
Fayette,State Representative ,45,Josh Hicks,DEM,11250.0
Total Votes,State Representative ,45,Josh Hicks,DEM,11250.0
Jefferson,State Representative ,46, Alan Gentry,DEM,8754.0
Total Votes,State Representative ,46, Alan Gentry,DEM,8754.0
Jefferson,State Representative ,46,James Stansbury,REP,5475.0
Total Votes,State Representative ,46,James Stansbury,REP,5475.0
Carroll,State Representative ,47, Rick Rand,DEM,2172.0
Gallatin,State Representative ,47, Rick Rand,DEM,1488.0
Henry,State Representative ,47, Rick Rand,DEM,3211.0
Trimble,State Representative ,47, Rick Rand,DEM,1773.0
Total Votes,State Representative ,47, Rick Rand,DEM,8644.0
Carroll,State Representative ,47,Mark Gilkison,REP,1309.0
Gallatin,State Representative ,47,Mark Gilkison,REP,1472.0
Henry,State Representative ,47,Mark Gilkison,REP,3059.0
Trimble,State Representative ,47,Mark Gilkison,REP,1288.0
Total Votes,State Representative ,47,Mark Gilkison,REP,7128.0
Jefferson,State Representative ,48, Maria Sorolis,DEM,10966.0
Oldham,State Representative ,48, Maria Sorolis,DEM,885.0
Total Votes,State Representative ,48, Maria Sorolis,DEM,11851.0
Jefferson,State Representative ,48,Ken Fleming,REP,10189.0
Oldham,State Representative ,48,Ken Fleming,REP,1336.0
Total Votes,State Representative ,48,Ken Fleming,REP,11525.0
Bullitt,State Representative ,49, Thomas Huff,REP,8680.0
Total Votes,State Representative ,49, Thomas Huff,REP,8680.0
Bullitt,State Representative ,49,Linda Belcher,DEM,5930.0
Total Votes,State Representative ,49,Linda Belcher,DEM,5930.0
Nelson,State Representative ,50, Chad McCoy,REP,9129.0
Total Votes,State Representative ,50, Chad McCoy,REP,9129.0
Nelson,State Representative ,50,James DeWeese,DEM,7386.0
Total Votes,State Representative ,50,James DeWeese,DEM,7386.0
Adair,State Representative ,51, John Carney,REP,5353.0
Taylor,State Representative ,51, John Carney,REP,6821.0
Total Votes,State Representative ,51, John Carney,REP,12174.0
Adair,State Representative ,51,Richard Stelee,Write-In,629.0
Taylor,State Representative ,51,Richard Stelee,Write-In,1555.0
Total Votes,State Representative ,51,Richard Stelee,Write-In,2184.0
McCreary,State Representative ,52, Ken Upchurch,REP,3921.0
Pulaski,State Representative ,52, Ken Upchurch,REP,1827.0
Wayne,State Representative ,52, Ken Upchurch,REP,4440.0
Total Votes,State Representative ,52, Ken Upchurch,REP,10188.0
McCreary,State Representative ,52,Dean Sumpter,DEM,983.0
Pulaski,State Representative ,52,Dean Sumpter,DEM,429.0
Wayne,State Representative ,52,Dean Sumpter,DEM,2362.0
Total Votes,State Representative ,52,Dean Sumpter,DEM,3774.0
Anderson,State Representative ,53, James A. Tipton,REP,6863.0
Bullitt,State Representative ,53, James A. Tipton,REP,909.0
Spencer,State Representative ,53, James A. Tipton,REP,6041.0
Total Votes,State Representative ,53, James A. Tipton,REP,13813.0
Anderson,State Representative ,53,Dustin Burley,DEM,3194.0
Bullitt,State Representative ,53,Dustin Burley,DEM,388.0
Spencer,State Representative ,53,Dustin Burley,DEM,2023.0
Total Votes,State Representative ,53,Dustin Burley,DEM,5605.0
Boyle,State Representative ,54, Daniel Elliott,REP,6989.0
Casey,State Representative ,54, Daniel Elliott,REP,3371.0
Total Votes,State Representative ,54, Daniel Elliott,REP,10360.0
Boyle,State Representative ,54,Lydia Coffey,Write-In,1897.0
Casey,State Representative ,54,Lydia Coffey,Write-In,1144.0
Total Votes,State Representative ,54,Lydia Coffey,Write-In,3041.0
Jessamine,State Representative ,55, Kim King,REP,4043.0
Mercer,State Representative ,55, Kim King,REP,5664.0
Washington,State Representative ,55, Kim King,REP,3212.0
Total Votes,State Representative ,55, Kim King,REP,12919.0
Jessamine,State Representative ,55,Cathy Carter,DEM,1726.0
Mercer,State Representative ,55,Cathy Carter,DEM,3323.0
Washington,State Representative ,55,Cathy Carter,DEM,1698.0
Total Votes,State Representative ,55,Cathy Carter,DEM,6747.0
Fayette,State Representative ,56, Joe Graviss,DEM,2311.0
Franklin,State Representative ,56, Joe Graviss,DEM,2094.0
Woodford,State Representative ,56, Joe Graviss,DEM,6938.0
Total Votes,State Representative ,56, Joe Graviss,DEM,11343.0
Fayette,State Representative ,56,Daniel Fister,REP,1246.0
Franklin,State Representative ,56,Daniel Fister,REP,1391.0
Woodford,State Representative ,56,Daniel Fister,REP,5728.0
Total Votes,State Representative ,56,Daniel Fister,REP,8365.0
Franklin,State Representative ,57, Derrick Graham,DEM,11726.0
Total Votes,State Representative ,57, Derrick Graham,DEM,11726.0
Franklin,State Representative ,57,Calen Studler,REP,6374.0
Total Votes,State Representative ,57,Calen Studler,REP,6374.0
Shelby,State Representative ,58, Rob Rothenburger,REP,11131.0
Total Votes,State Representative ,58, Rob Rothenburger,REP,11131.0
Shelby,State Representative ,58,Bobby Lacer,DEM,6171.0
Total Votes,State Representative ,58,Bobby Lacer,DEM,6171.0
Oldham,State Representative ,59, David Osborne,REP,12259.0
Total Votes,State Representative ,59, David Osborne,REP,12259.0
Oldham,State Representative ,59,Diane Seaman,DEM,7303.0
Total Votes,State Representative ,59,Diane Seaman,DEM,7303.0
Oldham,State Representative ,59,Samantha Gerges,IND,579.0
Total Votes,State Representative ,59,Samantha Gerges,IND,579.0
Boone,State Representative ,60, Sal Santoro,REP,11759.0
Total Votes,State Representative ,60, Sal Santoro,REP,11759.0
Boone,State Representative ,60,Jesse Parks,DEM,5951.0
Total Votes,State Representative ,60,Jesse Parks,DEM,5951.0
Boone,State Representative ,61, Savannah Maddox,REP,526.0
Grant,State Representative ,61, Savannah Maddox,REP,4884.0
Kenton,State Representative ,61, Savannah Maddox,REP,2744.0
Scott,State Representative ,61, Savannah Maddox,REP,3158.0
Total Votes,State Representative ,61, Savannah Maddox,REP,11312.0
Boone,State Representative ,61,Darrell Link,DEM,143.0
Grant,State Representative ,61,Darrell Link,DEM,2537.0
Kenton,State Representative ,61,Darrell Link,DEM,1160.0
Scott,State Representative ,61,Darrell Link,DEM,1539.0
Total Votes,State Representative ,61,Darrell Link,DEM,5379.0
Fayette,State Representative ,62, Phillip Pratt,REP,320.0
Owen,State Representative ,62, Phillip Pratt,REP,2376.0
Scott,State Representative ,62, Phillip Pratt,REP,8532.0
Total Votes,State Representative ,62, Phillip Pratt,REP,11228.0
Fayette,State Representative ,62,Jennifer Urie,DEM,478.0
Owen,State Representative ,62,Jennifer Urie,DEM,1854.0
Scott,State Representative ,62,Jennifer Urie,DEM,5855.0
Total Votes,State Representative ,62,Jennifer Urie,DEM,8187.0
Boone,State Representative ,63, Diane St. Onge,REP,1383.0
Kenton,State Representative ,63, Diane St. Onge,REP,9520.0
Total Votes,State Representative ,63, Diane St. Onge,REP,10903.0
Boone,State Representative ,63,Josh Blair,DEM,848.0
Kenton,State Representative ,63,Josh Blair,DEM,6492.0
Total Votes,State Representative ,63,Josh Blair,DEM,7340.0
Campbell,State Representative ,64, Kimberly Poore Moser,REP,1010.0
Kenton,State Representative ,64, Kimberly Poore Moser,REP,9718.0
Total Votes,State Representative ,64, Kimberly Poore Moser,REP,10728.0
Campbell,State Representative ,64,Larry Varney,DEM,492.0
Kenton,State Representative ,64,Larry Varney,DEM,4865.0
Total Votes,State Representative ,64,Larry Varney,DEM,5357.0
Kenton,State Representative ,65, Charles Wheatley,DEM,6045.0
Total Votes,State Representative ,65, Charles Wheatley,DEM,6045.0
Kenton,State Representative ,65,Alyssa McDowell ,IND,389.0
Total Votes,State Representative ,65,Alyssa McDowell ,IND,389.0
Kenton,State Representative ,65,Jordan Huizenga,REP,3848.0
Total Votes,State Representative ,65,Jordan Huizenga,REP,3848.0
Boone,State Representative ,66, C. Ed Massey,REP,9262.0
Total Votes,State Representative ,66, C. Ed Massey,REP,9262.0
Boone,State Representative ,66,lex Hannan III ,LIB,328.0
Total Votes,State Representative ,66,lex Hannan III ,LIB,328.0
Boone,State Representative ,66,Roberto Henriquez,DEM,4497.0
Total Votes,State Representative ,66,Roberto Henriquez,DEM,4497.0
Boone,State Representative ,66,Stacie Earl ,IND,2658.0
Total Votes,State Representative ,66,Stacie Earl ,IND,2658.0
Campbell,State Representative ,67, Dennis Keene,DEM,7288.0
Total Votes,State Representative ,67, Dennis Keene,DEM,7288.0
Campbell,State Representative ,67,Bob Schrage,REP,4904.0
Total Votes,State Representative ,67,Bob Schrage,REP,4904.0
Campbell,State Representative ,68, Joseph Fischer,REP,12311.0
Total Votes,State Representative ,68, Joseph Fischer,REP,12311.0
Campbell,State Representative ,68,Jason Kilmer,DEM,7933.0
Total Votes,State Representative ,68,Jason Kilmer,DEM,7933.0
Boone,State Representative ,69, Adam Koenig,REP,2608.0
Kenton,State Representative ,69, Adam Koenig,REP,4614.0
Total Votes,State Representative ,69, Adam Koenig,REP,7222.0
Boone,State Representative ,69,Col Owens,DEM,1836.0
Kenton,State Representative ,69,Col Owens,DEM,3979.0
Total Votes,State Representative ,69,Col Owens,DEM,5815.0
Bracken,State Representative ,70, John Sims Jr.,DEM,1979.0
Fleming,State Representative ,70, John Sims Jr.,DEM,4384.0
Mason,State Representative ,70, John Sims Jr.,DEM,4068.0
Robertson,State Representative ,70, John Sims Jr.,DEM,598.0
Total Votes,State Representative ,70, John Sims Jr.,DEM,11029.0
Garrard,State Representative ,71, R. Travis Brenda,REP,4566.0
Madison,State Representative ,71, R. Travis Brenda,REP,3985.0
Rockcastle,State Representative ,71, R. Travis Brenda,REP,4621.0
Total Votes,State Representative ,71, R. Travis Brenda,REP,13172.0
Garrard,State Representative ,71,Mary Renfro,DEM,1211.0
Madison,State Representative ,71,Mary Renfro,DEM,1736.0
Rockcastle,State Representative ,71,Mary Renfro,DEM,666.0
Total Votes,State Representative ,71,Mary Renfro,DEM,3613.0
Bath,State Representative ,72, Matthew Koch,REP,1856.0
Bourbon,State Representative ,72, Matthew Koch,REP,4714.0
Fayette,State Representative ,72, Matthew Koch,REP,730.0
Nicholas,State Representative ,72, Matthew Koch,REP,1278.0
Total Votes,State Representative ,72, Matthew Koch,REP,8578.0
Bath,State Representative ,72,Ann Cormican ,LIB,53.0
Bourbon,State Representative ,72,Ann Cormican ,LIB,128.0
Fayette,State Representative ,72,Ann Cormican ,LIB,49.0
Nicholas,State Representative ,72,Ann Cormican ,LIB,30.0
Total Votes,State Representative ,72,Ann Cormican ,LIB,260.0
Bath,State Representative ,72,Emily Ferguson,DEM,2479.0
Bourbon,State Representative ,72,Emily Ferguson,DEM,3271.0
Fayette,State Representative ,72,Emily Ferguson,DEM,936.0
Nicholas,State Representative ,72,Emily Ferguson,DEM,1203.0
Total Votes,State Representative ,72,Emily Ferguson,DEM,7889.0
Clark,State Representative ,73, Les Yates,REP,9071.0
Madison,State Representative ,73, Les Yates,REP,1785.0
Total Votes,State Representative ,73, Les Yates,REP,10856.0
Clark,State Representative ,73,Pat Banks,DEM,5079.0
Madison,State Representative ,73,Pat Banks,DEM,953.0
Total Votes,State Representative ,73,Pat Banks,DEM,6032.0
Menifee,State Representative ,74, David Hale,REP,1507.0
Montgomery,State Representative ,74, David Hale,REP,5223.0
Powell,State Representative ,74, David Hale,REP,2433.0
Total Votes,State Representative ,74, David Hale,REP,9163.0
Menifee,State Representative ,74,James Davis,DEM,1326.0
Montgomery,State Representative ,74,James Davis,DEM,4971.0
Powell,State Representative ,74,James Davis,DEM,2421.0
Total Votes,State Representative ,74,James Davis,DEM,8718.0
Fayette,State Representative ,75, Kelly Flood,DEM,11258.0
Total Votes,State Representative ,75, Kelly Flood,DEM,11258.0
Fayette,State Representative ,76, Ruth Palumbo,DEM,11377.0
Total Votes,State Representative ,76, Ruth Palumbo,DEM,11377.0
Fayette,State Representative ,76,Richard Marrs,REP,6073.0
Total Votes,State Representative ,76,Richard Marrs,REP,6073.0
Fayette,State Representative ,77,George Alexander,Write-In,8.0
Total Votes,State Representative ,77,George Alexander,Write-In,8.0
Fayette,State Representative ,77, George A. Brown Jr.,DEM,10319.0
Total Votes,State Representative ,77, George A. Brown Jr.,DEM,10319.0
Fayette,State Representative ,77,Marianne Weiss,REP,3270.0
Total Votes,State Representative ,77,Marianne Weiss,REP,3270.0
Harrison,State Representative ,78, Mark Hart,REP,3630.0
Pendleton,State Representative ,78, Mark Hart,REP,3193.0
Scott,State Representative ,78, Mark Hart,REP,1369.0
Total Votes,State Representative ,78, Mark Hart,REP,8192.0
Harrison,State Representative ,78,Gregory Coulson,DEM,2933.0
Pendleton,State Representative ,78,Gregory Coulson,DEM,1538.0
Scott,State Representative ,78,Gregory Coulson,DEM,1103.0
Total Votes,State Representative ,78,Gregory Coulson,DEM,5574.0
Fayette,State Representative ,79, Susan Westrom,DEM,11732.0
Total Votes,State Representative ,79, Susan Westrom,DEM,11732.0
Fayette,State Representative ,79,Joshua Irvin,REP,5769.0
Total Votes,State Representative ,79,Joshua Irvin,REP,5769.0
Lincoln,State Representative ,80, David Meade,REP,6177.0
Pulaski,State Representative ,80, David Meade,REP,4684.0
Total Votes,State Representative ,80, David Meade,REP,10861.0
Madison,State Representative ,81,Deanna Frazier,REP,8111.0
Total Votes,State Representative ,81,Deanna Frazier,REP,8111.0
Madison,State Representative ,81,Morgan Eaves,DEM,8087.0
Total Votes,State Representative ,81,Morgan Eaves,DEM,8087.0
Laurel,State Representative ,82, Regina Huff,REP,1816.0
Whitley,State Representative ,82, Regina Huff,REP,7225.0
Total Votes,State Representative ,82, Regina Huff,REP,9041.0
Laurel,State Representative ,82,Stefanie Kingsley,DEM,533.0
Whitley,State Representative ,82,Stefanie Kingsley,DEM,2283.0
Total Votes,State Representative ,82,Stefanie Kingsley,DEM,2816.0
Clinton,State Representative ,83, Jeffrey Hoover,REP,3090.0
Cumberland,State Representative ,83, Jeffrey Hoover,REP,2093.0
Pulaski,State Representative ,83, Jeffrey Hoover,REP,2966.0
Russell,State Representative ,83, Jeffrey Hoover,REP,6018.0
Total Votes,State Representative ,83, Jeffrey Hoover,REP,14167.0
Harlan,State Representative ,84, Chris Fugate,REP,2686.0
Perry,State Representative ,84, Chris Fugate,REP,5306.0
Total Votes,State Representative ,84, Chris Fugate,REP,7992.0
Harlan,State Representative ,84,Tom Pope,DEM,1950.0
Perry,State Representative ,84,Tom Pope,DEM,4417.0
Total Votes,State Representative ,84,Tom Pope,DEM,6367.0
Laurel,State Representative ,85, Thomas Turner,REP,3597.0
Pulaski,State Representative ,85, Thomas Turner,REP,7422.0
Total Votes,State Representative ,85, Thomas Turner,REP,11019.0
Laurel,State Representative ,85,Mona Hampton,Write-In,195.0
Pulaski,State Representative ,85,Mona Hampton,Write-In,1145.0
Total Votes,State Representative ,85,Mona Hampton,Write-In,1340.0
Knox,State Representative ,86, Jim Stewart III,REP,7236.0
Laurel,State Representative ,86, Jim Stewart III,REP,3021.0
Total Votes,State Representative ,86, Jim Stewart III,REP,10257.0
Knox,State Representative ,86,Debra Ferguson Payne,DEM,2051.0
Laurel,State Representative ,86,Debra Ferguson Payne,DEM,588.0
Total Votes,State Representative ,86,Debra Ferguson Payne,DEM,2639.0
Bell,State Representative ,87, Adam Bowling,REP,5527.0
Harlan,State Representative ,87, Adam Bowling,REP,2626.0
Total Votes,State Representative ,87, Adam Bowling,REP,8153.0
Bell,State Representative ,87,Dustin Allen,DEM,1884.0
Harlan,State Representative ,87,Dustin Allen,DEM,819.0
Total Votes,State Representative ,87,Dustin Allen,DEM,2703.0
Fayette,State Representative ,88,Cherlynn Stevenson,DEM,12378.0
Total Votes,State Representative ,88,Cherlynn Stevenson,DEM,12378.0
Fayette,State Representative ,88,William Farmer Jr.,REP,12330.0
Total Votes,State Representative ,88,William Farmer Jr.,REP,12330.0
Jackson,State Representative ,89, Robert Goforth,REP,3615.0
Laurel,State Representative ,89, Robert Goforth,REP,2535.0
Madison,State Representative ,89, Robert Goforth,REP,5465.0
Total Votes,State Representative ,89, Robert Goforth,REP,11615.0
Jackson,State Representative ,89,Kelly Smith,DEM,380.0
Laurel,State Representative ,89,Kelly Smith,DEM,516.0
Madison,State Representative ,89,Kelly Smith,DEM,2826.0
Total Votes,State Representative ,89,Kelly Smith,DEM,3722.0
Clay,State Representative ,90, Derek Lewis,REP,4193.0
Laurel,State Representative ,90, Derek Lewis,REP,2556.0
Leslie,State Representative ,90, Derek Lewis,REP,3348.0
Total Votes,State Representative ,90, Derek Lewis,REP,10097.0
Breathitt,State Representative ,91,Cluster Howard,DEM,3253.0
Estill,State Representative ,91,Cluster Howard,DEM,2036.0
Lee,State Representative ,91,Cluster Howard,DEM,1057.0
Madison,State Representative ,91,Cluster Howard,DEM,180.0
Owsley,State Representative ,91,Cluster Howard,DEM,859.0
Total Votes,State Representative ,91,Cluster Howard,DEM,7385.0
Breathitt,State Representative ,91,Toby Herald,REP,1425.0
Estill,State Representative ,91,Toby Herald,REP,3158.0
Lee,State Representative ,91,Toby Herald,REP,1357.0
Madison,State Representative ,91,Toby Herald,REP,458.0
Owsley,State Representative ,91,Toby Herald,REP,980.0
Total Votes,State Representative ,91,Toby Herald,REP,7378.0
Knott,State Representative ,92, John Blanton,REP,2120.0
Magoffin,State Representative ,92, John Blanton,REP,3929.0
Pike,State Representative ,92, John Blanton,REP,2071.0
Total Votes,State Representative ,92, John Blanton,REP,8120.0
Knott,State Representative ,92,Ryan Mosley,DEM,3301.0
Magoffin,State Representative ,92,Ryan Mosley,DEM,1512.0
Pike,State Representative ,92,Ryan Mosley,DEM,1273.0
Total Votes,State Representative ,92,Ryan Mosley,DEM,6086.0
Martin,State Representative ,93, Chris Harris,DEM,1132.0
Pike,State Representative ,93, Chris Harris,DEM,5964.0
Total Votes,State Representative ,93, Chris Harris,DEM,7096.0
Martin,State Representative ,93,Norma Kirk-McCormick,REP,2142.0
Pike,State Representative ,93,Norma Kirk-McCormick,REP,2387.0
Total Votes,State Representative ,93,Norma Kirk-McCormick,REP,4529.0
Letcher,State Representative ,94, Angie Hatton,DEM,5978.0
Pike,State Representative ,94, Angie Hatton,DEM,4058.0
Total Votes,State Representative ,94, Angie Hatton,DEM,10036.0
Floyd,State Representative ,95, Ashley Tackett Laferty,DEM,7647.0
Pike,State Representative ,95, Ashley Tackett Laferty,DEM,507.0
Total Votes,State Representative ,95, Ashley Tackett Laferty,DEM,8154.0
Floyd,State Representative ,95,Larry Brown,REP,5239.0
Pike,State Representative ,95,Larry Brown,REP,735.0
Total Votes,State Representative ,95,Larry Brown,REP,5974.0
Carter,State Representative ,96,Jill York,REP,4319.0
Lawrence,State Representative ,96,Jill York,REP,2812.0
Total Votes,State Representative ,96,Jill York,REP,7131.0
Carter,State Representative ,96,Kathy Hinkle,DEM,4566.0
Lawrence,State Representative ,96,Kathy Hinkle,DEM,2570.0
Total Votes,State Representative ,96,Kathy Hinkle,DEM,7136.0
Johnson,State Representative ,97, Bobby McCool,REP,5614.0
Morgan,State Representative ,97, Bobby McCool,REP,1943.0
Wolfe,State Representative ,97, Bobby McCool,REP,957.0
Total Votes,State Representative ,97, Bobby McCool,REP,8514.0
Johnson,State Representative ,97,Craig Lindon,DEM,2208.0
Morgan,State Representative ,97,Craig Lindon,DEM,2396.0
Wolfe,State Representative ,97,Craig Lindon,DEM,1621.0
Total Votes,State Representative ,97,Craig Lindon,DEM,6225.0
Boyd,State Representative ,98, Danny Bentley,REP,843.0
Greenup,State Representative ,98, Danny Bentley,REP,7288.0
Total Votes,State Representative ,98, Danny Bentley,REP,8131.0
Boyd,State Representative ,98,R. B. McKenzie,DEM,605.0
Greenup,State Representative ,98,R. B. McKenzie,DEM,5942.0
Total Votes,State Representative ,98,R. B. McKenzie,DEM,6547.0
Elliott,State Representative ,99, Rocky Adkins,DEM,1632.0
Lewis,State Representative ,99, Rocky Adkins,DEM,1877.0
Rowan,State Representative ,99, Rocky Adkins,DEM,6362.0
Total Votes,State Representative ,99, Rocky Adkins,DEM,9871.0
Boyd,State Representative ,100, Terri Branham Clark,DEM,7497.0
Total Votes,State Representative ,100, Terri Branham Clark,DEM,7497.0
Boyd,State Representative ,100,Brian Clark,REP,6418.0
Total Votes,State Representative ,100,Brian Clark,REP,6418.0
