county,precinct,candidate,office,district,party,votes
Madison,A 101 Big Hill-Blue Lick,,Registered Voters,,,1308
Madison,A 101 Big Hill-Blue Lick,,Ballots Cast,,,677
Madison,A 101 Big Hill-Blue Lick,,Straight Party,,REP,129
Madison,A 101 Big Hill-Blue Lick,,Straight Party,,DEM,85
Madison,A 101 Big Hill-Blue Lick,,Straight Party,,LIB,2
Madison,A 101 Big Hill-Blue Lick,Andy Barr,U.S. House,6,REP,484
Madison,A 101 Big Hill-Blue Lick,Amy McGrath,U.S. House,6,DEM,179
Madison,A 101 Big Hill-Blue Lick,Frank Harris,U.S. House,6,LIB,5
Madison,A 101 Big Hill-Blue Lick,Rikka Wallin,U.S. House,6,IND,1
Madison,A 101 Big Hill-Blue Lick,James Germalic,U.S. House,6,IND,2
Madison,A 101 Big Hill-Blue Lick,Write In,U.S. House,6,NON,0
Madison,A 101 Big Hill-Blue Lick,Jared K. Carpenter,State Senate,34,REP,446
Madison,A 101 Big Hill-Blue Lick,Susan Byrne Haddix,State Senate,34,DEM,204
Madison,A 101 Big Hill-Blue Lick,Write In,State Senate,34,NON,1
Madison,A 101 Big Hill-Blue Lick,Robert Goforth,State Representative,89,REP,458
Madison,A 101 Big Hill-Blue Lick,Kelly Smith,State Representative,89,DEM,195
Madison,A 101 Big Hill-Blue Lick,Write In,State Representative,89,NON,1
Madison,A 102 East Berea,,Registered Voters,,,1563
Madison,A 102 East Berea,,Ballots Cast,,,739
Madison,A 102 East Berea,,Straight Party,,REP,97
Madison,A 102 East Berea,,Straight Party,,DEM,168
Madison,A 102 East Berea,,Straight Party,,LIB,5
Madison,A 102 East Berea,Andy Barr,U.S. House,6,REP,283
Madison,A 102 East Berea,Amy McGrath,U.S. House,6,DEM,444
Madison,A 102 East Berea,Frank Harris,U.S. House,6,LIB,1
Madison,A 102 East Berea,Rikka Wallin,U.S. House,6,IND,3
Madison,A 102 East Berea,James Germalic,U.S. House,6,IND,1
Madison,A 102 East Berea,Write In,U.S. House,6,NON,0
Madison,A 102 East Berea,Jared K. Carpenter,State Senate,34,REP,278
Madison,A 102 East Berea,Susan Byrne Haddix,State Senate,34,DEM,441
Madison,A 102 East Berea,Write In,State Senate,34,NON,0
Madison,A 102 East Berea,Deanna L. Frazier,State Representative,81,REP,274
Madison,A 102 East Berea,Morgan H Eaves,State Representative,81,DEM,446
Madison,A 102 East Berea,Write In,State Representative,81,NON,1
Madison,A 103 Gay-Stephens,,Registered Voters,,,1838
Madison,A 103 Gay-Stephens,,Ballots Cast,,,542
Madison,A 103 Gay-Stephens,,Straight Party,,REP,68
Madison,A 103 Gay-Stephens,,Straight Party,,DEM,136
Madison,A 103 Gay-Stephens,,Straight Party,,LIB,9
Madison,A 103 Gay-Stephens,Andy Barr,U.S. House,6,REP,163
Madison,A 103 Gay-Stephens,Amy McGrath,U.S. House,6,DEM,366
Madison,A 103 Gay-Stephens,Frank Harris,U.S. House,6,LIB,6
Madison,A 103 Gay-Stephens,Rikka Wallin,U.S. House,6,IND,4
Madison,A 103 Gay-Stephens,James Germalic,U.S. House,6,IND,1
Madison,A 103 Gay-Stephens,Write In,U.S. House,6,NON,0
Madison,A 103 Gay-Stephens,Jared K. Carpenter,State Senate,34,REP,165
Madison,A 103 Gay-Stephens,Susan Byrne Haddix,State Senate,34,DEM,368
Madison,A 103 Gay-Stephens,Write In,State Senate,34,NON,0
Madison,A 103 Gay-Stephens,Deanna L. Frazier,State Representative,81,REP,156
Madison,A 103 Gay-Stephens,Morgan H Eaves,State Representative,81,DEM,376
Madison,A 103 Gay-Stephens,Write In,State Representative,81,NON,0
Madison,A104 North Berea,,Registered Voters,,,2138
Madison,A104 North Berea,,Ballots Cast,,,975
Madison,A104 North Berea,,Straight Party,,REP,189
Madison,A104 North Berea,,Straight Party,,DEM,167
Madison,A104 North Berea,,Straight Party,,LIB,10
Madison,A104 North Berea,Andy Barr,U.S. House,6,REP,529
Madison,A104 North Berea,Amy McGrath,U.S. House,6,DEM,430
Madison,A104 North Berea,Frank Harris,U.S. House,6,LIB,5
Madison,A104 North Berea,Rikka Wallin,U.S. House,6,IND,1
Madison,A104 North Berea,James Germalic,U.S. House,6,IND,0
Madison,A104 North Berea,Write In,U.S. House,6,NON,0
Madison,A104 North Berea,Jared K. Carpenter,State Senate,34,REP,537
Madison,A104 North Berea,Susan Byrne Haddix,State Senate,34,DEM,412
Madison,A104 North Berea,Write In,State Senate,34,NON,0
Madison,A104 North Berea,Deanna L. Frazier,State Representative,81,REP,518
Madison,A104 North Berea,Morgan H Eaves,State Representative,81,DEM,435
Madison,A104 North Berea,Write In,State Representative,81,NON,1
Madison,A105 South Berea,,Registered Voters,,,1459
Madison,A105 South Berea,,Ballots Cast,,,821
Madison,A105 South Berea,,Straight Party,,REP,120
Madison,A105 South Berea,,Straight Party,,DEM,128
Madison,A105 South Berea,,Straight Party,,LIB,7
Madison,A105 South Berea,Andy Barr,U.S. House,6,REP,382
Madison,A105 South Berea,Amy McGrath,U.S. House,6,DEM,418
Madison,A105 South Berea,Frank Harris,U.S. House,6,LIB,14
Madison,A105 South Berea,Rikka Wallin,U.S. House,6,IND,0
Madison,A105 South Berea,James Germalic,U.S. House,6,IND,1
Madison,A105 South Berea,Write In,U.S. House,6,NON,1
Madison,A105 South Berea,Jared K. Carpenter,State Senate,34,REP,388
Madison,A105 South Berea,Susan Byrne Haddix,State Senate,34,DEM,399
Madison,A105 South Berea,Write In,State Senate,34,NON,3
Madison,A105 South Berea,Robert Goforth,State Representative,89,REP,389
Madison,A105 South Berea,Kelly Smith,State Representative,89,DEM,405
Madison,A105 South Berea,Write In,State Representative,89,NON,1
Madison,A106 West Berea-Mayde,,Registered Voters,,,2710
Madison,A106 West Berea-Mayde,,Ballots Cast,,,1247
Madison,A106 West Berea-Mayde,,Straight Party,,REP,248
Madison,A106 West Berea-Mayde,,Straight Party,,DEM,182
Madison,A106 West Berea-Mayde,,Straight Party,,LIB,9
Madison,A106 West Berea-Mayde,Andy Barr,U.S. House,6,REP,676
Madison,A106 West Berea-Mayde,Amy McGrath,U.S. House,6,DEM,544
Madison,A106 West Berea-Mayde,Frank Harris,U.S. House,6,LIB,12
Madison,A106 West Berea-Mayde,Rikka Wallin,U.S. House,6,IND,6
Madison,A106 West Berea-Mayde,James Germalic,U.S. House,6,IND,2
Madison,A106 West Berea-Mayde,Write In,U.S. House,6,NON,0
Madison,A106 West Berea-Mayde,Jared K. Carpenter,State Senate,34,REP,679
Madison,A106 West Berea-Mayde,Susan Byrne Haddix,State Senate,34,DEM,535
Madison,A106 West Berea-Mayde,Write In,State Senate,34,NON,0
Madison,A106 West Berea-Mayde,Robert Goforth,State Representative,89,REP,659
Madison,A106 West Berea-Mayde,Kelly Smith,State Representative,89,DEM,540
Madison,A106 West Berea-Mayde,Write In,State Representative,89,NON,1
Madison,A107 Clay,,Registered Voters,,,1436
Madison,A107 Clay,,Ballots Cast,,,832
Madison,A107 Clay,,Straight Party,,REP,182
Madison,A107 Clay,,Straight Party,,DEM,93
Madison,A107 Clay,,Straight Party,,LIB,0
Madison,A107 Clay,Andy Barr,U.S. House,6,REP,574
Madison,A107 Clay,Amy McGrath,U.S. House,6,DEM,250
Madison,A107 Clay,Frank Harris,U.S. House,6,LIB,3
Madison,A107 Clay,Rikka Wallin,U.S. House,6,IND,0
Madison,A107 Clay,James Germalic,U.S. House,6,IND,0
Madison,A107 Clay,Write In,U.S. House,6,NON,1
Madison,A107 Clay,Jared K. Carpenter,State Senate,34,REP,531
Madison,A107 Clay,Susan Byrne Haddix,State Senate,34,DEM,270
Madison,A107 Clay,Write In,State Senate,34,NON,5
Madison,A107 Clay,Robert Goforth,State Representative,89,REP,542
Madison,A107 Clay,Kelly Smith,State Representative,89,DEM,265
Madison,A107 Clay,Write In,State Representative,89,NON,1
Madison,A108 Silver Creek,,Registered Voters,,,1460
Madison,A108 Silver Creek,,Ballots Cast,,,859
Madison,A108 Silver Creek,,Straight Party,,REP,159
Madison,A108 Silver Creek,,Straight Party,,DEM,79
Madison,A108 Silver Creek,,Straight Party,,LIB,6
Madison,A108 Silver Creek,Andy Barr,U.S. House,6,REP,592
Madison,A108 Silver Creek,Amy McGrath,U.S. House,6,DEM,249
Madison,A108 Silver Creek,Frank Harris,U.S. House,6,LIB,8
Madison,A108 Silver Creek,Rikka Wallin,U.S. House,6,IND,1
Madison,A108 Silver Creek,James Germalic,U.S. House,6,IND,1
Madison,A108 Silver Creek,Write In,U.S. House,6,NON,0
Madison,A108 Silver Creek,Jared K. Carpenter,State Senate,34,REP,556
Madison,A108 Silver Creek,Susan Byrne Haddix,State Senate,34,DEM,274
Madison,A108 Silver Creek,Write In,State Senate,34,NON,2
Madison,A108 Silver Creek,Robert Goforth,State Representative,89,REP,572
Madison,A108 Silver Creek,Kelly Smith,State Representative,89,DEM,247
Madison,A108 Silver Creek,Write In,State Representative,89,NON,2
Madison,A 109 Bobtown-Redlick,,Registered Voters,,,2255
Madison,A 109 Bobtown-Redlick,,Ballots Cast,,,1212
Madison,A 109 Bobtown-Redlick,,Straight Party,,REP,311
Madison,A 109 Bobtown-Redlick,,Straight Party,,DEM,139
Madison,A 109 Bobtown-Redlick,,Straight Party,,LIB,5
Madison,A 109 Bobtown-Redlick,Andy Barr,U.S. House,6,REP,854
Madison,A 109 Bobtown-Redlick,Amy McGrath,U.S. House,6,DEM,342
Madison,A 109 Bobtown-Redlick,Frank Harris,U.S. House,6,LIB,4
Madison,A 109 Bobtown-Redlick,Rikka Wallin,U.S. House,6,IND,5
Madison,A 109 Bobtown-Redlick,James Germalic,U.S. House,6,IND,2
Madison,A 109 Bobtown-Redlick,Write In,U.S. House,6,NON,1
Madison,A 109 Bobtown-Redlick,Jared K. Carpenter,State Senate,34,REP,813
Madison,A 109 Bobtown-Redlick,Susan Byrne Haddix,State Senate,34,DEM,373
Madison,A 109 Bobtown-Redlick,Write In,State Senate,34,NON,3
Madison,A 109 Bobtown-Redlick,Robert Goforth,State Representative,89,REP,839
Madison,A 109 Bobtown-Redlick,Kelly Smith,State Representative,89,DEM,347
Madison,A 109 Bobtown-Redlick,Write In,State Representative,89,NON,0
Madison,A110 Walker Branch,,Registered Voters,,,922
Madison,A110 Walker Branch,,Ballots Cast,,,464
Madison,A110 Walker Branch,,Straight Party,,REP,85
Madison,A110 Walker Branch,,Straight Party,,DEM,46
Madison,A110 Walker Branch,,Straight Party,,LIB,3
Madison,A110 Walker Branch,Andy Barr,U.S. House,6,REP,316
Madison,A110 Walker Branch,Amy McGrath,U.S. House,6,DEM,138
Madison,A110 Walker Branch,Frank Harris,U.S. House,6,LIB,6
Madison,A110 Walker Branch,Rikka Wallin,U.S. House,6,IND,1
Madison,A110 Walker Branch,James Germalic,U.S. House,6,IND,2
Madison,A110 Walker Branch,Write In,U.S. House,6,NON,0
Madison,A110 Walker Branch,Jared K. Carpenter,State Senate,34,REP,312
Madison,A110 Walker Branch,Susan Byrne Haddix,State Senate,34,DEM,143
Madison,A110 Walker Branch,Write In,State Senate,34,NON,0
Madison,A110 Walker Branch,Robert Goforth,State Representative,89,REP,305
Madison,A110 Walker Branch,Kelly Smith,State Representative,89,DEM,144
Madison,A110 Walker Branch,Write In,State Representative,89,NON,2
Madison,B101 SaratogaArlingtonRosedale,,Registered Voters,,,2246
Madison,B101 SaratogaArlingtonRosedale,,Ballots Cast,,,933
Madison,B101 SaratogaArlingtonRosedale,,Straight Party,,REP,171
Madison,B101 SaratogaArlingtonRosedale,,Straight Party,,DEM,176
Madison,B101 SaratogaArlingtonRosedale,,Straight Party,,LIB,7
Madison,B101 SaratogaArlingtonRosedale,Andy Barr,U.S. House,6,REP,439
Madison,B101 SaratogaArlingtonRosedale,Amy McGrath,U.S. House,6,DEM,466
Madison,B101 SaratogaArlingtonRosedale,Frank Harris,U.S. House,6,LIB,13
Madison,B101 SaratogaArlingtonRosedale,Rikka Wallin,U.S. House,6,IND,5
Madison,B101 SaratogaArlingtonRosedale,James Germalic,U.S. House,6,IND,3
Madison,B101 SaratogaArlingtonRosedale,Write In,U.S. House,6,NON,0
Madison,B101 SaratogaArlingtonRosedale,Jared K. Carpenter,State Senate,34,REP,475
Madison,B101 SaratogaArlingtonRosedale,Susan Byrne Haddix,State Senate,34,DEM,430
Madison,B101 SaratogaArlingtonRosedale,Write In,State Senate,34,NON,2
Madison,B101 SaratogaArlingtonRosedale,Deanna L. Frazier,State Representative,81,REP,439
Madison,B101 SaratogaArlingtonRosedale,Morgan H Eaves,State Representative,81,DEM,479
Madison,B101 SaratogaArlingtonRosedale,Write In,State Representative,81,NON,1
Madison,B102 North Chenault,,Registered Voters,,,1033
Madison,B102 North Chenault,,Ballots Cast,,,651
Madison,B102 North Chenault,,Straight Party,,REP,124
Madison,B102 North Chenault,,Straight Party,,DEM,69
Madison,B102 North Chenault,,Straight Party,,LIB,3
Madison,B102 North Chenault,Andy Barr,U.S. House,6,REP,423
Madison,B102 North Chenault,Amy McGrath,U.S. House,6,DEM,225
Madison,B102 North Chenault,Frank Harris,U.S. House,6,LIB,2
Madison,B102 North Chenault,Rikka Wallin,U.S. House,6,IND,0
Madison,B102 North Chenault,James Germalic,U.S. House,6,IND,0
Madison,B102 North Chenault,Write In,U.S. House,6,NON,0
Madison,B102 North Chenault,Jared K. Carpenter,State Senate,34,REP,416
Madison,B102 North Chenault,Susan Byrne Haddix,State Senate,34,DEM,220
Madison,B102 North Chenault,Write In,State Senate,34,NON,0
Madison,B102 North Chenault,Deanna L. Frazier,State Representative,81,REP,403
Madison,B102 North Chenault,Morgan H Eaves,State Representative,81,DEM,236
Madison,B102 North Chenault,Write In,State Representative,81,NON,1
Madison,B 103 South Chenault,,Registered Voters,,,1664
Madison,B 103 South Chenault,,Ballots Cast,,,970
Madison,B 103 South Chenault,,Straight Party,,REP,157
Madison,B 103 South Chenault,,Straight Party,,DEM,161
Madison,B 103 South Chenault,,Straight Party,,LIB,4
Madison,B 103 South Chenault,Andy Barr,U.S. House,6,REP,525
Madison,B 103 South Chenault,Amy McGrath,U.S. House,6,DEM,431
Madison,B 103 South Chenault,Frank Harris,U.S. House,6,LIB,6
Madison,B 103 South Chenault,Rikka Wallin,U.S. House,6,IND,4
Madison,B 103 South Chenault,James Germalic,U.S. House,6,IND,1
Madison,B 103 South Chenault,Write In,U.S. House,6,NON,1
Madison,B 103 South Chenault,Jared K. Carpenter,State Senate,34,REP,535
Madison,B 103 South Chenault,Susan Byrne Haddix,State Senate,34,DEM,411
Madison,B 103 South Chenault,Write In,State Senate,34,NON,0
Madison,B 103 South Chenault,Deanna L. Frazier,State Representative,81,REP,517
Madison,B 103 South Chenault,Morgan H Eaves,State Representative,81,DEM,440
Madison,B 103 South Chenault,Write In,State Representative,81,NON,0
Madison,B 104 Newby Jones - Valley View,,Registered Voters,,,1227
Madison,B 104 Newby Jones - Valley View,,Ballots Cast,,,707
Madison,B 104 Newby Jones - Valley View,,Straight Party,,REP,167
Madison,B 104 Newby Jones - Valley View,,Straight Party,,DEM,61
Madison,B 104 Newby Jones - Valley View,,Straight Party,,LIB,3
Madison,B 104 Newby Jones - Valley View,Andy Barr,U.S. House,6,REP,510
Madison,B 104 Newby Jones - Valley View,Amy McGrath,U.S. House,6,DEM,189
Madison,B 104 Newby Jones - Valley View,Frank Harris,U.S. House,6,LIB,4
Madison,B 104 Newby Jones - Valley View,Rikka Wallin,U.S. House,6,IND,1
Madison,B 104 Newby Jones - Valley View,James Germalic,U.S. House,6,IND,3
Madison,B 104 Newby Jones - Valley View,Write In,U.S. House,6,NON,0
Madison,B 104 Newby Jones - Valley View,Jared K. Carpenter,State Senate,34,REP,526
Madison,B 104 Newby Jones - Valley View,Susan Byrne Haddix,State Senate,34,DEM,170
Madison,B 104 Newby Jones - Valley View,Write In,State Senate,34,NON,1
Madison,B 104 Newby Jones - Valley View,R. Travis Brenda,State Representative,71,REP,480
Madison,B 104 Newby Jones - Valley View,Mary J. Renfro,State Representative,71,DEM,198
Madison,B 104 Newby Jones - Valley View,Write In,State Representative,71,NON,4
Madison,B 105 West RichmondCollegeBreck,,Registered Voters,,,2459
Madison,B 105 West RichmondCollegeBreck,,Ballots Cast,,,1403
Madison,B 105 West RichmondCollegeBreck,,Straight Party,,REP,199
Madison,B 105 West RichmondCollegeBreck,,Straight Party,,DEM,210
Madison,B 105 West RichmondCollegeBreck,,Straight Party,,LIB,8
Madison,B 105 West RichmondCollegeBreck,Andy Barr,U.S. House,6,REP,712
Madison,B 105 West RichmondCollegeBreck,Amy McGrath,U.S. House,6,DEM,670
Madison,B 105 West RichmondCollegeBreck,Frank Harris,U.S. House,6,LIB,8
Madison,B 105 West RichmondCollegeBreck,Rikka Wallin,U.S. House,6,IND,4
Madison,B 105 West RichmondCollegeBreck,James Germalic,U.S. House,6,IND,2
Madison,B 105 West RichmondCollegeBreck,Write In,U.S. House,6,NON,0
Madison,B 105 West RichmondCollegeBreck,Jared K. Carpenter,State Senate,34,REP,712
Madison,B 105 West RichmondCollegeBreck,Susan Byrne Haddix,State Senate,34,DEM,654
Madison,B 105 West RichmondCollegeBreck,Write In,State Senate,34,NON,0
Madison,B 105 West RichmondCollegeBreck,Deanna L. Frazier,State Representative,81,REP,677
Madison,B 105 West RichmondCollegeBreck,Morgan H Eaves,State Representative,81,DEM,699
Madison,B 105 West RichmondCollegeBreck,Write In,State Representative,81,NON,6
Madison,B106 Greenway,,Registered Voters,,,703
Madison,B106 Greenway,,Ballots Cast,,,350
Madison,B106 Greenway,,Straight Party,,REP,31
Madison,B106 Greenway,,Straight Party,,DEM,74
Madison,B106 Greenway,,Straight Party,,LIB,1
Madison,B106 Greenway,Andy Barr,U.S. House,6,REP,138
Madison,B106 Greenway,Amy McGrath,U.S. House,6,DEM,205
Madison,B106 Greenway,Frank Harris,U.S. House,6,LIB,3
Madison,B106 Greenway,Rikka Wallin,U.S. House,6,IND,1
Madison,B106 Greenway,James Germalic,U.S. House,6,IND,0
Madison,B106 Greenway,Write In,U.S. House,6,NON,1
Madison,B106 Greenway,Jared K. Carpenter,State Senate,34,REP,145
Madison,B106 Greenway,Susan Byrne Haddix,State Senate,34,DEM,198
Madison,B106 Greenway,Write In,State Senate,34,NON,1
Madison,B106 Greenway,Deanna L. Frazier,State Representative,81,REP,138
Madison,B106 Greenway,Morgan H Eaves,State Representative,81,DEM,204
Madison,B106 Greenway,Write In,State Representative,81,NON,0
Madison,B107 Killarney,,Registered Voters,,,2744
Madison,B107 Killarney,,Ballots Cast,,,1013
Madison,B107 Killarney,,Straight Party,,REP,175
Madison,B107 Killarney,,Straight Party,,DEM,231
Madison,B107 Killarney,,Straight Party,,LIB,9
Madison,B107 Killarney,Andy Barr,U.S. House,6,REP,466
Madison,B107 Killarney,Amy McGrath,U.S. House,6,DEM,525
Madison,B107 Killarney,Frank Harris,U.S. House,6,LIB,4
Madison,B107 Killarney,Rikka Wallin,U.S. House,6,IND,10
Madison,B107 Killarney,James Germalic,U.S. House,6,IND,1
Madison,B107 Killarney,Write In,U.S. House,6,NON,1
Madison,B107 Killarney,Jared K. Carpenter,State Senate,34,REP,459
Madison,B107 Killarney,Susan Byrne Haddix,State Senate,34,DEM,522
Madison,B107 Killarney,Write In,State Senate,34,NON,3
Madison,B107 Killarney,Deanna L. Frazier,State Representative,81,REP,465
Madison,B107 Killarney,Morgan H Eaves,State Representative,81,DEM,518
Madison,B107 Killarney,Write In,State Representative,81,NON,2
Madison,B 108 N. Whitehall/Daniel Boone,,Registered Voters,,,955
Madison,B 108 N. Whitehall/Daniel Boone,,Ballots Cast,,,544
Madison,B 108 N. Whitehall/Daniel Boone,,Straight Party,,REP,165
Madison,B 108 N. Whitehall/Daniel Boone,,Straight Party,,DEM,47
Madison,B 108 N. Whitehall/Daniel Boone,,Straight Party,,LIB,0
Madison,B 108 N. Whitehall/Daniel Boone,Andy Barr,U.S. House,6,REP,375
Madison,B 108 N. Whitehall/Daniel Boone,Amy McGrath,U.S. House,6,DEM,160
Madison,B 108 N. Whitehall/Daniel Boone,Frank Harris,U.S. House,6,LIB,4
Madison,B 108 N. Whitehall/Daniel Boone,Rikka Wallin,U.S. House,6,IND,3
Madison,B 108 N. Whitehall/Daniel Boone,James Germalic,U.S. House,6,IND,1
Madison,B 108 N. Whitehall/Daniel Boone,Write In,U.S. House,6,NON,0
Madison,B 108 N. Whitehall/Daniel Boone,Jared K. Carpenter,State Senate,34,REP,366
Madison,B 108 N. Whitehall/Daniel Boone,Susan Byrne Haddix,State Senate,34,DEM,162
Madison,B 108 N. Whitehall/Daniel Boone,Write In,State Senate,34,NON,0
Madison,B 108 N. Whitehall/Daniel Boone,R. Travis Brenda,State Representative,71,REP,377
Madison,B 108 N. Whitehall/Daniel Boone,Mary J. Renfro,State Representative,71,DEM,148
Madison,B 108 N. Whitehall/Daniel Boone,Write In,State Representative,71,NON,0
Madison,B109 S. Whitehall/Daniel Boone,,Registered Voters,,,1649
Madison,B109 S. Whitehall/Daniel Boone,,Ballots Cast,,,956
Madison,B109 S. Whitehall/Daniel Boone,,Straight Party,,REP,241
Madison,B109 S. Whitehall/Daniel Boone,,Straight Party,,DEM,105
Madison,B109 S. Whitehall/Daniel Boone,,Straight Party,,LIB,4
Madison,B109 S. Whitehall/Daniel Boone,Andy Barr,U.S. House,6,REP,632
Madison,B109 S. Whitehall/Daniel Boone,Amy McGrath,U.S. House,6,DEM,313
Madison,B109 S. Whitehall/Daniel Boone,Frank Harris,U.S. House,6,LIB,6
Madison,B109 S. Whitehall/Daniel Boone,Rikka Wallin,U.S. House,6,IND,2
Madison,B109 S. Whitehall/Daniel Boone,James Germalic,U.S. House,6,IND,1
Madison,B109 S. Whitehall/Daniel Boone,Write In,U.S. House,6,NON,0
Madison,B109 S. Whitehall/Daniel Boone,Jared K. Carpenter,State Senate,34,REP,630
Madison,B109 S. Whitehall/Daniel Boone,Susan Byrne Haddix,State Senate,34,DEM,296
Madison,B109 S. Whitehall/Daniel Boone,Write In,State Senate,34,NON,1
Madison,B109 S. Whitehall/Daniel Boone,R. Travis Brenda,State Representative,71,REP,615
Madison,B109 S. Whitehall/Daniel Boone,Mary J. Renfro,State Representative,71,DEM,299
Madison,B109 S. Whitehall/Daniel Boone,Write In,State Representative,71,NON,4
Madison,B110 Forest Hill,,Registered Voters,,,3025
Madison,B110 Forest Hill,,Ballots Cast,,,1828
Madison,B110 Forest Hill,,Straight Party,,REP,481
Madison,B110 Forest Hill,,Straight Party,,DEM,229
Madison,B110 Forest Hill,,Straight Party,,LIB,5
Madison,B110 Forest Hill,Andy Barr,U.S. House,6,REP,1175
Madison,B110 Forest Hill,Amy McGrath,U.S. House,6,DEM,627
Madison,B110 Forest Hill,Frank Harris,U.S. House,6,LIB,14
Madison,B110 Forest Hill,Rikka Wallin,U.S. House,6,IND,3
Madison,B110 Forest Hill,James Germalic,U.S. House,6,IND,2
Madison,B110 Forest Hill,Write In,U.S. House,6,NON,1
Madison,B110 Forest Hill,Jared K. Carpenter,State Senate,34,REP,1195
Madison,B110 Forest Hill,Susan Byrne Haddix,State Senate,34,DEM,595
Madison,B110 Forest Hill,Write In,State Senate,34,NON,4
Madison,B110 Forest Hill,R. Travis Brenda,State Representative,71,REP,1213
Madison,B110 Forest Hill,Mary J. Renfro,State Representative,71,DEM,570
Madison,B110 Forest Hill,Write In,State Representative,71,NON,2
Madison,C101 Lost Fork,,Registered Voters,,,7
Madison,C101 Lost Fork,,Ballots Cast,,,7
Madison,C101 Lost Fork,,Straight Party,,REP,2
Madison,C101 Lost Fork,,Straight Party,,DEM,0
Madison,C101 Lost Fork,,Straight Party,,LIB,0
Madison,C101 Lost Fork,Andy Barr,U.S. House,6,REP,6
Madison,C101 Lost Fork,Amy McGrath,U.S. House,6,DEM,1
Madison,C101 Lost Fork,Frank Harris,U.S. House,6,LIB,0
Madison,C101 Lost Fork,Rikka Wallin,U.S. House,6,IND,0
Madison,C101 Lost Fork,James Germalic,U.S. House,6,IND,0
Madison,C101 Lost Fork,Write In,U.S. House,6,NON,0
Madison,C101 Lost Fork,Jared K. Carpenter,State Senate,34,REP,6
Madison,C101 Lost Fork,Susan Byrne Haddix,State Senate,34,DEM,1
Madison,C101 Lost Fork,Write In,State Senate,34,NON,0
Madison,C101 Lost Fork,R. Travis Brenda,State Representative,71,REP,7
Madison,C101 Lost Fork,Mary J. Renfro,State Representative,71,DEM,0
Madison,C101 Lost Fork,Write In,State Representative,71,NON,0
Madison,C102 Redhouse,,Registered Voters,,,527
Madison,C102 Redhouse,,Ballots Cast,,,345
Madison,C102 Redhouse,,Straight Party,,REP,61
Madison,C102 Redhouse,,Straight Party,,DEM,37
Madison,C102 Redhouse,,Straight Party,,LIB,3
Madison,C102 Redhouse,Andy Barr,U.S. House,6,REP,238
Madison,C102 Redhouse,Amy McGrath,U.S. House,6,DEM,100
Madison,C102 Redhouse,Frank Harris,U.S. House,6,LIB,2
Madison,C102 Redhouse,Rikka Wallin,U.S. House,6,IND,2
Madison,C102 Redhouse,James Germalic,U.S. House,6,IND,2
Madison,C102 Redhouse,Write In,U.S. House,6,NON,0
Madison,C102 Redhouse,Jared K. Carpenter,State Senate,34,REP,248
Madison,C102 Redhouse,Susan Byrne Haddix,State Senate,34,DEM,92
Madison,C102 Redhouse,Write In,State Senate,34,NON,0
Madison,C102 Redhouse,Les Yates,State Representative,73,REP,225
Madison,C102 Redhouse,Pat Banks,State Representative,73,DEM,110
Madison,C102 Redhouse,Write In,State Representative,73,NON,0
Madison,C103 McCreary,,Registered Voters,,,1513
Madison,C103 McCreary,,Ballots Cast,,,961
Madison,C103 McCreary,,Straight Party,,REP,201
Madison,C103 McCreary,,Straight Party,,DEM,89
Madison,C103 McCreary,,Straight Party,,LIB,4
Madison,C103 McCreary,Andy Barr,U.S. House,6,REP,637
Madison,C103 McCreary,Amy McGrath,U.S. House,6,DEM,302
Madison,C103 McCreary,Frank Harris,U.S. House,6,LIB,12
Madison,C103 McCreary,Rikka Wallin,U.S. House,6,IND,4
Madison,C103 McCreary,James Germalic,U.S. House,6,IND,1
Madison,C103 McCreary,Write In,U.S. House,6,NON,0
Madison,C103 McCreary,Jared K. Carpenter,State Senate,34,REP,650
Madison,C103 McCreary,Susan Byrne Haddix,State Senate,34,DEM,284
Madison,C103 McCreary,Write In,State Senate,34,NON,1
Madison,C103 McCreary,Les Yates,State Representative,73,REP,595
Madison,C103 McCreary,Pat Banks,State Representative,73,DEM,328
Madison,C103 McCreary,Write In,State Representative,73,NON,0
Madison,C104 College Hill,,Registered Voters,,,651
Madison,C104 College Hill,,Ballots Cast,,,369
Madison,C104 College Hill,,Straight Party,,REP,95
Madison,C104 College Hill,,Straight Party,,DEM,31
Madison,C104 College Hill,,Straight Party,,LIB,4
Madison,C104 College Hill,Andy Barr,U.S. House,6,REP,279
Madison,C104 College Hill,Amy McGrath,U.S. House,6,DEM,81
Madison,C104 College Hill,Frank Harris,U.S. House,6,LIB,1
Madison,C104 College Hill,Rikka Wallin,U.S. House,6,IND,3
Madison,C104 College Hill,James Germalic,U.S. House,6,IND,0
Madison,C104 College Hill,Write In,U.S. House,6,NON,0
Madison,C104 College Hill,Jared K. Carpenter,State Senate,34,REP,276
Madison,C104 College Hill,Susan Byrne Haddix,State Senate,34,DEM,80
Madison,C104 College Hill,Write In,State Senate,34,NON,0
Madison,C104 College Hill,Les Yates,State Representative,73,REP,239
Madison,C104 College Hill,Pat Banks,State Representative,73,DEM,111
Madison,C104 College Hill,Write In,State Representative,73,NON,1
Madison,C105 Waco,,Registered Voters,,,1054
Madison,C105 Waco,,Ballots Cast,,,666
Madison,C105 Waco,,Straight Party,,REP,175
Madison,C105 Waco,,Straight Party,,DEM,56
Madison,C105 Waco,,Straight Party,,LIB,1
Madison,C105 Waco,Andy Barr,U.S. House,6,REP,475
Madison,C105 Waco,Amy McGrath,U.S. House,6,DEM,177
Madison,C105 Waco,Frank Harris,U.S. House,6,LIB,4
Madison,C105 Waco,Rikka Wallin,U.S. House,6,IND,5
Madison,C105 Waco,James Germalic,U.S. House,6,IND,3
Madison,C105 Waco,Write In,U.S. House,6,NON,0
Madison,C105 Waco,Jared K. Carpenter,State Senate,34,REP,475
Madison,C105 Waco,Susan Byrne Haddix,State Senate,34,DEM,173
Madison,C105 Waco,Write In,State Senate,34,NON,0
Madison,C105 Waco,"Gary ""Toby"" Herald",State Representative,91,REP,458
Madison,C105 Waco,Cluster Howard,State Representative,91,DEM,180
Madison,C105 Waco,Write In,State Representative,91,NON,1
Madison,C106 Brassfield-Bearwallow,,Registered Voters,,,1211
Madison,C106 Brassfield-Bearwallow,,Ballots Cast,,,628
Madison,C106 Brassfield-Bearwallow,,Straight Party,,REP,157
Madison,C106 Brassfield-Bearwallow,,Straight Party,,DEM,65
Madison,C106 Brassfield-Bearwallow,,Straight Party,,LIB,4
Madison,C106 Brassfield-Bearwallow,Andy Barr,U.S. House,6,REP,479
Madison,C106 Brassfield-Bearwallow,Amy McGrath,U.S. House,6,DEM,141
Madison,C106 Brassfield-Bearwallow,Frank Harris,U.S. House,6,LIB,5
Madison,C106 Brassfield-Bearwallow,Rikka Wallin,U.S. House,6,IND,0
Madison,C106 Brassfield-Bearwallow,James Germalic,U.S. House,6,IND,1
Madison,C106 Brassfield-Bearwallow,Write In,U.S. House,6,NON,0
Madison,C106 Brassfield-Bearwallow,Jared K. Carpenter,State Senate,34,REP,472
Madison,C106 Brassfield-Bearwallow,Susan Byrne Haddix,State Senate,34,DEM,146
Madison,C106 Brassfield-Bearwallow,Write In,State Senate,34,NON,2
Madison,C106 Brassfield-Bearwallow,Robert Goforth,State Representative,89,REP,442
Madison,C106 Brassfield-Bearwallow,Kelly Smith,State Representative,89,DEM,170
Madison,C106 Brassfield-Bearwallow,Write In,State Representative,89,NON,0
Madison,C107 Moberly,,Registered Voters,,,2122
Madison,C107 Moberly,,Ballots Cast,,,1160
Madison,C107 Moberly,,Straight Party,,REP,303
Madison,C107 Moberly,,Straight Party,,DEM,128
Madison,C107 Moberly,,Straight Party,,LIB,6
Madison,C107 Moberly,Andy Barr,U.S. House,6,REP,782
Madison,C107 Moberly,Amy McGrath,U.S. House,6,DEM,361
Madison,C107 Moberly,Frank Harris,U.S. House,6,LIB,5
Madison,C107 Moberly,Rikka Wallin,U.S. House,6,IND,5
Madison,C107 Moberly,James Germalic,U.S. House,6,IND,2
Madison,C107 Moberly,Write In,U.S. House,6,NON,0
Madison,C107 Moberly,Jared K. Carpenter,State Senate,34,REP,765
Madison,C107 Moberly,Susan Byrne Haddix,State Senate,34,DEM,374
Madison,C107 Moberly,Write In,State Senate,34,NON,1
Madison,C107 Moberly,Les Yates,State Representative,73,REP,721
Madison,C107 Moberly,Pat Banks,State Representative,73,DEM,402
Madison,C107 Moberly,Write In,State Representative,73,NON,1
Madison,C108 Kavanaugh,,Registered Voters,,,577
Madison,C108 Kavanaugh,,Ballots Cast,,,279
Madison,C108 Kavanaugh,,Straight Party,,REP,71
Madison,C108 Kavanaugh,,Straight Party,,DEM,38
Madison,C108 Kavanaugh,,Straight Party,,LIB,0
Madison,C108 Kavanaugh,Andy Barr,U.S. House,6,REP,171
Madison,C108 Kavanaugh,Amy McGrath,U.S. House,6,DEM,104
Madison,C108 Kavanaugh,Frank Harris,U.S. House,6,LIB,2
Madison,C108 Kavanaugh,Rikka Wallin,U.S. House,6,IND,0
Madison,C108 Kavanaugh,James Germalic,U.S. House,6,IND,1
Madison,C108 Kavanaugh,Write In,U.S. House,6,NON,0
Madison,C108 Kavanaugh,Jared K. Carpenter,State Senate,34,REP,179
Madison,C108 Kavanaugh,Susan Byrne Haddix,State Senate,34,DEM,95
Madison,C108 Kavanaugh,Write In,State Senate,34,NON,0
Madison,C108 Kavanaugh,Deanna L. Frazier,State Representative,81,REP,166
Madison,C108 Kavanaugh,Morgan H Eaves,State Representative,81,DEM,111
Madison,C108 Kavanaugh,Write In,State Representative,81,NON,0
Madison,C109 East Richmond,,Registered Voters,,,1705
Madison,C109 East Richmond,,Ballots Cast,,,903
Madison,C109 East Richmond,,Straight Party,,REP,167
Madison,C109 East Richmond,,Straight Party,,DEM,130
Madison,C109 East Richmond,,Straight Party,,LIB,6
Madison,C109 East Richmond,Andy Barr,U.S. House,6,REP,490
Madison,C109 East Richmond,Amy McGrath,U.S. House,6,DEM,395
Madison,C109 East Richmond,Frank Harris,U.S. House,6,LIB,9
Madison,C109 East Richmond,Rikka Wallin,U.S. House,6,IND,4
Madison,C109 East Richmond,James Germalic,U.S. House,6,IND,2
Madison,C109 East Richmond,Write In,U.S. House,6,NON,0
Madison,C109 East Richmond,Jared K. Carpenter,State Senate,34,REP,494
Madison,C109 East Richmond,Susan Byrne Haddix,State Senate,34,DEM,387
Madison,C109 East Richmond,Write In,State Senate,34,NON,1
Madison,C109 East Richmond,Deanna L. Frazier,State Representative,81,REP,475
Madison,C109 East Richmond,Morgan H Eaves,State Representative,81,DEM,417
Madison,C109 East Richmond,Write In,State Representative,81,NON,0
Madison,C110 Dillingham,,Registered Voters,,,2586
Madison,C110 Dillingham,,Ballots Cast,,,1040
Madison,C110 Dillingham,,Straight Party,,REP,188
Madison,C110 Dillingham,,Straight Party,,DEM,292
Madison,C110 Dillingham,,Straight Party,,LIB,9
Madison,C110 Dillingham,Andy Barr,U.S. House,6,REP,465
Madison,C110 Dillingham,Amy McGrath,U.S. House,6,DEM,547
Madison,C110 Dillingham,Frank Harris,U.S. House,6,LIB,7
Madison,C110 Dillingham,Rikka Wallin,U.S. House,6,IND,4
Madison,C110 Dillingham,James Germalic,U.S. House,6,IND,7
Madison,C110 Dillingham,Write In,U.S. House,6,NON,2
Madison,C110 Dillingham,Jared K. Carpenter,State Senate,34,REP,465
Madison,C110 Dillingham,Susan Byrne Haddix,State Senate,34,DEM,544
Madison,C110 Dillingham,Write In,State Senate,34,NON,2
Madison,C110 Dillingham,Deanna L. Frazier,State Representative,81,REP,437
Madison,C110 Dillingham,Morgan H Eaves,State Representative,81,DEM,585
Madison,C110 Dillingham,Write In,State Representative,81,NON,2
Madison,C112 Courthouse-Central,,Registered Voters,,,2067
Madison,C112 Courthouse-Central,,Ballots Cast,,,948
Madison,C112 Courthouse-Central,,Straight Party,,REP,159
Madison,C112 Courthouse-Central,,Straight Party,,DEM,164
Madison,C112 Courthouse-Central,,Straight Party,,LIB,9
Madison,C112 Courthouse-Central,Andy Barr,U.S. House,6,REP,480
Madison,C112 Courthouse-Central,Amy McGrath,U.S. House,6,DEM,451
Madison,C112 Courthouse-Central,Frank Harris,U.S. House,6,LIB,9
Madison,C112 Courthouse-Central,Rikka Wallin,U.S. House,6,IND,1
Madison,C112 Courthouse-Central,James Germalic,U.S. House,6,IND,3
Madison,C112 Courthouse-Central,Write In,U.S. House,6,NON,0
Madison,C112 Courthouse-Central,Jared K. Carpenter,State Senate,34,REP,481
Madison,C112 Courthouse-Central,Susan Byrne Haddix,State Senate,34,DEM,440
Madison,C112 Courthouse-Central,Write In,State Senate,34,NON,1
Madison,C112 Courthouse-Central,Deanna L. Frazier,State Representative,81,REP,457
Madison,C112 Courthouse-Central,Morgan H Eaves,State Representative,81,DEM,472
Madison,C112 Courthouse-Central,Write In,State Representative,81,NON,0
Madison,C 113 Watertower,,Registered Voters,,,1334
Madison,C 113 Watertower,,Ballots Cast,,,546
Madison,C 113 Watertower,,Straight Party,,REP,80
Madison,C 113 Watertower,,Straight Party,,DEM,99
Madison,C 113 Watertower,,Straight Party,,LIB,4
Madison,C 113 Watertower,Andy Barr,U.S. House,6,REP,249
Madison,C 113 Watertower,Amy McGrath,U.S. House,6,DEM,288
Madison,C 113 Watertower,Frank Harris,U.S. House,6,LIB,3
Madison,C 113 Watertower,Rikka Wallin,U.S. House,6,IND,3
Madison,C 113 Watertower,James Germalic,U.S. House,6,IND,1
Madison,C 113 Watertower,Write In,U.S. House,6,NON,0
Madison,C 113 Watertower,Jared K. Carpenter,State Senate,34,REP,267
Madison,C 113 Watertower,Susan Byrne Haddix,State Senate,34,DEM,270
Madison,C 113 Watertower,Write In,State Senate,34,NON,0
Madison,C 113 Watertower,Deanna L. Frazier,State Representative,81,REP,241
Madison,C 113 Watertower,Morgan H Eaves,State Representative,81,DEM,296
Madison,C 113 Watertower,Write In,State Representative,81,NON,0
Madison,C114 CityHall - Telford,,Registered Voters,,,861
Madison,C114 CityHall - Telford,,Ballots Cast,,,336
Madison,C114 CityHall - Telford,,Straight Party,,REP,41
Madison,C114 CityHall - Telford,,Straight Party,,DEM,108
Madison,C114 CityHall - Telford,,Straight Party,,LIB,3
Madison,C114 CityHall - Telford,Andy Barr,U.S. House,6,REP,124
Madison,C114 CityHall - Telford,Amy McGrath,U.S. House,6,DEM,200
Madison,C114 CityHall - Telford,Frank Harris,U.S. House,6,LIB,6
Madison,C114 CityHall - Telford,Rikka Wallin,U.S. House,6,IND,1
Madison,C114 CityHall - Telford,James Germalic,U.S. House,6,IND,1
Madison,C114 CityHall - Telford,Write In,U.S. House,6,NON,0
Madison,C114 CityHall - Telford,Jared K. Carpenter,State Senate,34,REP,134
Madison,C114 CityHall - Telford,Susan Byrne Haddix,State Senate,34,DEM,194
Madison,C114 CityHall - Telford,Write In,State Senate,34,NON,0
Madison,C114 CityHall - Telford,Deanna L. Frazier,State Representative,81,REP,120
Madison,C114 CityHall - Telford,Morgan H Eaves,State Representative,81,DEM,210
Madison,C114 CityHall - Telford,Write In,State Representative,81,NON,0
Madison,D101 Tevis -Cottonburg-Poosey,,Registered Voters,,,700
Madison,D101 Tevis -Cottonburg-Poosey,,Ballots Cast,,,406
Madison,D101 Tevis -Cottonburg-Poosey,,Straight Party,,REP,45
Madison,D101 Tevis -Cottonburg-Poosey,,Straight Party,,DEM,29
Madison,D101 Tevis -Cottonburg-Poosey,,Straight Party,,LIB,3
Madison,D101 Tevis -Cottonburg-Poosey,Andy Barr,U.S. House,6,REP,293
Madison,D101 Tevis -Cottonburg-Poosey,Amy McGrath,U.S. House,6,DEM,105
Madison,D101 Tevis -Cottonburg-Poosey,Frank Harris,U.S. House,6,LIB,1
Madison,D101 Tevis -Cottonburg-Poosey,Rikka Wallin,U.S. House,6,IND,3
Madison,D101 Tevis -Cottonburg-Poosey,James Germalic,U.S. House,6,IND,0
Madison,D101 Tevis -Cottonburg-Poosey,Write In,U.S. House,6,NON,0
Madison,D101 Tevis -Cottonburg-Poosey,Jared K. Carpenter,State Senate,34,REP,281
Madison,D101 Tevis -Cottonburg-Poosey,Susan Byrne Haddix,State Senate,34,DEM,111
Madison,D101 Tevis -Cottonburg-Poosey,Write In,State Senate,34,NON,0
Madison,D101 Tevis -Cottonburg-Poosey,R. Travis Brenda,State Representative,71,REP,287
Madison,D101 Tevis -Cottonburg-Poosey,Mary J. Renfro,State Representative,71,DEM,95
Madison,D101 Tevis -Cottonburg-Poosey,Write In,State Representative,71,NON,0
Madison,D 102 Burnham Highpoint,,Registered Voters,,,991
Madison,D 102 Burnham Highpoint,,Ballots Cast,,,664
Madison,D 102 Burnham Highpoint,,Straight Party,,REP,125
Madison,D 102 Burnham Highpoint,,Straight Party,,DEM,65
Madison,D 102 Burnham Highpoint,,Straight Party,,LIB,3
Madison,D 102 Burnham Highpoint,Andy Barr,U.S. House,6,REP,433
Madison,D 102 Burnham Highpoint,Amy McGrath,U.S. House,6,DEM,222
Madison,D 102 Burnham Highpoint,Frank Harris,U.S. House,6,LIB,1
Madison,D 102 Burnham Highpoint,Rikka Wallin,U.S. House,6,IND,1
Madison,D 102 Burnham Highpoint,James Germalic,U.S. House,6,IND,1
Madison,D 102 Burnham Highpoint,Write In,U.S. House,6,NON,1
Madison,D 102 Burnham Highpoint,Jared K. Carpenter,State Senate,34,REP,440
Madison,D 102 Burnham Highpoint,Susan Byrne Haddix,State Senate,34,DEM,210
Madison,D 102 Burnham Highpoint,Write In,State Senate,34,NON,1
Madison,D 102 Burnham Highpoint,R. Travis Brenda,State Representative,71,REP,429
Madison,D 102 Burnham Highpoint,Mary J. Renfro,State Representative,71,DEM,204
Madison,D 102 Burnham Highpoint,Write In,State Representative,71,NON,1
Madison,D103 Menelaus Todd West,,Registered Voters,,,1571
Madison,D103 Menelaus Todd West,,Ballots Cast,,,821
Madison,D103 Menelaus Todd West,,Straight Party,,REP,165
Madison,D103 Menelaus Todd West,,Straight Party,,DEM,78
Madison,D103 Menelaus Todd West,,Straight Party,,LIB,6
Madison,D103 Menelaus Todd West,Andy Barr,U.S. House,6,REP,559
Madison,D103 Menelaus Todd West,Amy McGrath,U.S. House,6,DEM,250
Madison,D103 Menelaus Todd West,Frank Harris,U.S. House,6,LIB,5
Madison,D103 Menelaus Todd West,Rikka Wallin,U.S. House,6,IND,2
Madison,D103 Menelaus Todd West,James Germalic,U.S. House,6,IND,3
Madison,D103 Menelaus Todd West,Write In,U.S. House,6,NON,0
Madison,D103 Menelaus Todd West,Jared K. Carpenter,State Senate,34,REP,532
Madison,D103 Menelaus Todd West,Susan Byrne Haddix,State Senate,34,DEM,269
Madison,D103 Menelaus Todd West,Write In,State Senate,34,NON,2
Madison,D103 Menelaus Todd West,R. Travis Brenda,State Representative,71,REP,577
Madison,D103 Menelaus Todd West,Mary J. Renfro,State Representative,71,DEM,222
Madison,D103 Menelaus Todd West,Write In,State Representative,71,NON,0
Madison,D104 Menelaus Todd East,,Registered Voters,,,187
Madison,D104 Menelaus Todd East,,Ballots Cast,,,109
Madison,D104 Menelaus Todd East,,Straight Party,,REP,26
Madison,D104 Menelaus Todd East,,Straight Party,,DEM,17
Madison,D104 Menelaus Todd East,,Straight Party,,LIB,1
Madison,D104 Menelaus Todd East,Andy Barr,U.S. House,6,REP,79
Madison,D104 Menelaus Todd East,Amy McGrath,U.S. House,6,DEM,29
Madison,D104 Menelaus Todd East,Frank Harris,U.S. House,6,LIB,0
Madison,D104 Menelaus Todd East,Rikka Wallin,U.S. House,6,IND,0
Madison,D104 Menelaus Todd East,James Germalic,U.S. House,6,IND,0
Madison,D104 Menelaus Todd East,Write In,U.S. House,6,NON,0
Madison,D104 Menelaus Todd East,Jared K. Carpenter,State Senate,34,REP,78
Madison,D104 Menelaus Todd East,Susan Byrne Haddix,State Senate,34,DEM,29
Madison,D104 Menelaus Todd East,Write In,State Senate,34,NON,0
Madison,D104 Menelaus Todd East,Deanna L. Frazier,State Representative,81,REP,64
Madison,D104 Menelaus Todd East,Morgan H Eaves,State Representative,81,DEM,43
Madison,D104 Menelaus Todd East,Write In,State Representative,81,NON,0
Madison,D105 South Richmond,,Registered Voters,,,1872
Madison,D105 South Richmond,,Ballots Cast,,,814
Madison,D105 South Richmond,,Straight Party,,REP,177
Madison,D105 South Richmond,,Straight Party,,DEM,106
Madison,D105 South Richmond,,Straight Party,,LIB,7
Madison,D105 South Richmond,Andy Barr,U.S. House,6,REP,464
Madison,D105 South Richmond,Amy McGrath,U.S. House,6,DEM,336
Madison,D105 South Richmond,Frank Harris,U.S. House,6,LIB,8
Madison,D105 South Richmond,Rikka Wallin,U.S. House,6,IND,2
Madison,D105 South Richmond,James Germalic,U.S. House,6,IND,0
Madison,D105 South Richmond,Write In,U.S. House,6,NON,0
Madison,D105 South Richmond,Jared K. Carpenter,State Senate,34,REP,476
Madison,D105 South Richmond,Susan Byrne Haddix,State Senate,34,DEM,317
Madison,D105 South Richmond,Write In,State Senate,34,NON,2
Madison,D105 South Richmond,Deanna L. Frazier,State Representative,81,REP,435
Madison,D105 South Richmond,Morgan H Eaves,State Representative,81,DEM,368
Madison,D105 South Richmond,Write In,State Representative,81,NON,0
Madison,D106 Kingston,,Registered Voters,,,3383
Madison,D106 Kingston,,Ballots Cast,,,1818
Madison,D106 Kingston,,Straight Party,,REP,529
Madison,D106 Kingston,,Straight Party,,DEM,176
Madison,D106 Kingston,,Straight Party,,LIB,11
Madison,D106 Kingston,Andy Barr,U.S. House,6,REP,1257
Madison,D106 Kingston,Amy McGrath,U.S. House,6,DEM,529
Madison,D106 Kingston,Frank Harris,U.S. House,6,LIB,18
Madison,D106 Kingston,Rikka Wallin,U.S. House,6,IND,4
Madison,D106 Kingston,James Germalic,U.S. House,6,IND,2
Madison,D106 Kingston,Write In,U.S. House,6,NON,3
Madison,D106 Kingston,Jared K. Carpenter,State Senate,34,REP,1236
Madison,D106 Kingston,Susan Byrne Haddix,State Senate,34,DEM,543
Madison,D106 Kingston,Write In,State Senate,34,NON,6
Madison,D106 Kingston,Robert Goforth,State Representative,89,REP,1259
Madison,D106 Kingston,Kelly Smith,State Representative,89,DEM,513
Madison,D106 Kingston,Write In,State Representative,89,NON,2
Madison,D107 Army Depot,,Registered Voters,,,20
Madison,D107 Army Depot,,Ballots Cast,,,7
Madison,D107 Army Depot,,Straight Party,,REP,3
Madison,D107 Army Depot,,Straight Party,,DEM,2
Madison,D107 Army Depot,,Straight Party,,LIB,0
Madison,D107 Army Depot,Andy Barr,U.S. House,6,REP,5
Madison,D107 Army Depot,Amy McGrath,U.S. House,6,DEM,2
Madison,D107 Army Depot,Frank Harris,U.S. House,6,LIB,0
Madison,D107 Army Depot,Rikka Wallin,U.S. House,6,IND,0
Madison,D107 Army Depot,James Germalic,U.S. House,6,IND,0
Madison,D107 Army Depot,Write In,U.S. House,6,NON,0
Madison,D107 Army Depot,Jared K. Carpenter,State Senate,34,REP,5
Madison,D107 Army Depot,Susan Byrne Haddix,State Senate,34,DEM,2
Madison,D107 Army Depot,Write In,State Senate,34,NON,0
Madison,D107 Army Depot,Les Yates,State Representative,73,REP,5
Madison,D107 Army Depot,Pat Banks,State Representative,73,DEM,2
Madison,D107 Army Depot,Write In,State Representative,73,NON,0
Madison,D109 Francis,,Registered Voters,,,2310
Madison,D109 Francis,,Ballots Cast,,,1054
Madison,D109 Francis,,Straight Party,,REP,172
Madison,D109 Francis,,Straight Party,,DEM,177
Madison,D109 Francis,,Straight Party,,LIB,4
Madison,D109 Francis,Andy Barr,U.S. House,6,REP,534
Madison,D109 Francis,Amy McGrath,U.S. House,6,DEM,500
Madison,D109 Francis,Frank Harris,U.S. House,6,LIB,8
Madison,D109 Francis,Rikka Wallin,U.S. House,6,IND,2
Madison,D109 Francis,James Germalic,U.S. House,6,IND,2
Madison,D109 Francis,Write In,U.S. House,6,NON,0
Madison,D109 Francis,Jared K. Carpenter,State Senate,34,REP,547
Madison,D109 Francis,Susan Byrne Haddix,State Senate,34,DEM,466
Madison,D109 Francis,Write In,State Senate,34,NON,1
Madison,D109 Francis,Deanna L. Frazier,State Representative,81,REP,520
Madison,D109 Francis,Morgan H Eaves,State Representative,81,DEM,513
Madison,D109 Francis,Write In,State Representative,81,NON,1
Madison,D110 Eastern Campus,,Registered Voters,,,1075
Madison,D110 Eastern Campus,,Ballots Cast,,,281
Madison,D110 Eastern Campus,,Straight Party,,REP,29
Madison,D110 Eastern Campus,,Straight Party,,DEM,85
Madison,D110 Eastern Campus,,Straight Party,,LIB,0
Madison,D110 Eastern Campus,Andy Barr,U.S. House,6,REP,87
Madison,D110 Eastern Campus,Amy McGrath,U.S. House,6,DEM,192
Madison,D110 Eastern Campus,Frank Harris,U.S. House,6,LIB,2
Madison,D110 Eastern Campus,Rikka Wallin,U.S. House,6,IND,0
Madison,D110 Eastern Campus,James Germalic,U.S. House,6,IND,0
Madison,D110 Eastern Campus,Write In,U.S. House,6,NON,0
Madison,D110 Eastern Campus,Jared K. Carpenter,State Senate,34,REP,94
Madison,D110 Eastern Campus,Susan Byrne Haddix,State Senate,34,DEM,185
Madison,D110 Eastern Campus,Write In,State Senate,34,NON,0
Madison,D110 Eastern Campus,Deanna L. Frazier,State Representative,81,REP,88
Madison,D110 Eastern Campus,Morgan H Eaves,State Representative,81,DEM,191
Madison,D110 Eastern Campus,Write In,State Representative,81,NON,0
Madison,D111 Deacon Hills,,Registered Voters,,,1576
Madison,D111 Deacon Hills,,Ballots Cast,,,1035
Madison,D111 Deacon Hills,,Straight Party,,REP,198
Madison,D111 Deacon Hills,,Straight Party,,DEM,146
Madison,D111 Deacon Hills,,Straight Party,,LIB,3
Madison,D111 Deacon Hills,Andy Barr,U.S. House,6,REP,610
Madison,D111 Deacon Hills,Amy McGrath,U.S. House,6,DEM,406
Madison,D111 Deacon Hills,Frank Harris,U.S. House,6,LIB,13
Madison,D111 Deacon Hills,Rikka Wallin,U.S. House,6,IND,1
Madison,D111 Deacon Hills,James Germalic,U.S. House,6,IND,1
Madison,D111 Deacon Hills,Write In,U.S. House,6,NON,0
Madison,D111 Deacon Hills,Jared K. Carpenter,State Senate,34,REP,610
Madison,D111 Deacon Hills,Susan Byrne Haddix,State Senate,34,DEM,403
Madison,D111 Deacon Hills,Write In,State Senate,34,NON,4
Madison,D111 Deacon Hills,Deanna L. Frazier,State Representative,81,REP,571
Madison,D111 Deacon Hills,Morgan H Eaves,State Representative,81,DEM,447
Madison,D111 Deacon Hills,Write In,State Representative,81,NON,2
Madison,D112 South Crutcher,,Registered Voters,,,1575
Madison,D112 South Crutcher,,Ballots Cast,,,946
Madison,D112 South Crutcher,,Straight Party,,REP,166
Madison,D112 South Crutcher,,Straight Party,,DEM,141
Madison,D112 South Crutcher,,Straight Party,,LIB,0
Madison,D112 South Crutcher,Andy Barr,U.S. House,6,REP,554
Madison,D112 South Crutcher,Amy McGrath,U.S. House,6,DEM,383
Madison,D112 South Crutcher,Frank Harris,U.S. House,6,LIB,5
Madison,D112 South Crutcher,Rikka Wallin,U.S. House,6,IND,0
Madison,D112 South Crutcher,James Germalic,U.S. House,6,IND,1
Madison,D112 South Crutcher,Write In,U.S. House,6,NON,0
Madison,D112 South Crutcher,Jared K. Carpenter,State Senate,34,REP,555
Madison,D112 South Crutcher,Susan Byrne Haddix,State Senate,34,DEM,366
Madison,D112 South Crutcher,Write In,State Senate,34,NON,1
Madison,D112 South Crutcher,Deanna L. Frazier,State Representative,81,REP,568
Madison,D112 South Crutcher,Morgan H Eaves,State Representative,81,DEM,366
Madison,D112 South Crutcher,Write In,State Representative,81,NON,1
Madison,D113 North Crutcher,,Registered Voters,,,963
Madison,D113 North Crutcher,,Ballots Cast,,,627
Madison,D113 North Crutcher,,Straight Party,,REP,124
Madison,D113 North Crutcher,,Straight Party,,DEM,64
Madison,D113 North Crutcher,,Straight Party,,LIB,2
Madison,D113 North Crutcher,Andy Barr,U.S. House,6,REP,369
Madison,D113 North Crutcher,Amy McGrath,U.S. House,6,DEM,250
Madison,D113 North Crutcher,Frank Harris,U.S. House,6,LIB,5
Madison,D113 North Crutcher,Rikka Wallin,U.S. House,6,IND,0
Madison,D113 North Crutcher,James Germalic,U.S. House,6,IND,0
Madison,D113 North Crutcher,Write In,U.S. House,6,NON,0
Madison,D113 North Crutcher,Jared K. Carpenter,State Senate,34,REP,376
Madison,D113 North Crutcher,Susan Byrne Haddix,State Senate,34,DEM,234
Madison,D113 North Crutcher,Write In,State Senate,34,NON,0
Madison,D113 North Crutcher,Deanna L. Frazier,State Representative,81,REP,382
Madison,D113 North Crutcher,Morgan H Eaves,State Representative,81,DEM,235
Madison,D113 North Crutcher,Write In,State Representative,81,NON,0
