county,precinct,candidate,office,district,party,votes,absentee_mail,absentee_walk_in
Pulaski,Absentee,,Ballots Cast,,DEM ,1321,306,1015
Pulaski,Absentee,,Straight Party,,REP,449,126,323
Pulaski,Absentee,,Straight Party,,DEM ,77,23,54
Pulaski,Absentee,"Harold ""Hal"" Rogers ",U.S. House,5,REP,1070,253,817
Pulaski,Absentee,Kenneth S Stepp,U.S. House,5,DEM ,212,50,162
Pulaski,Absentee,Billy Ray Wilson ,U.S. House,5,W,0,0,0
Pulaski,Absentee,Ken Upchurch ,State Representative,52,REP,119,40,79
Pulaski,Absentee,Dean Sumpter,State Representative,52,DEM ,34,8,26
Pulaski,Absentee,David Meade,State Representative,80,REP,279,84,195
Pulaski,Absentee,Jeff Hoover,State Representative,83,REP,196,40,156
Pulaski,Absentee,Tommy Turner,State Representative,85,REP,418,80,338
Pulaski,A101 West Somerset 5B,,Ballots Cast,,DEM ,165,,
Pulaski,A101 West Somerset 5B,,Registered Voters,,REP,475,,
Pulaski,A101 West Somerset 5B,,Straight Party,,REP,44,,
Pulaski,A101 West Somerset 5B,,Straight Party,,DEM ,11,,
Pulaski,A101 West Somerset 5B,"Harold ""Hal"" Rogers ",U.S. House,5,REP,130,,
Pulaski,A101 West Somerset 5B,Kenneth S Stepp,U.S. House,5,DEM ,30,,
Pulaski,A101 West Somerset 5B,Billy Ray Wilson ,U.S. House,5,W,0,,
Pulaski,A101 West Somerset 5B,David Meade,State Representative,80,REP,123,,
Pulaski,A102 Saline 11,,Ballots Cast,,DEM ,643,,
Pulaski,A102 Saline 11,,Registered Voters,,REP,1488,,
Pulaski,A102 Saline 11,,Straight Party,,REP,183,,
Pulaski,A102 Saline 11,,Straight Party,,DEM ,39,,
Pulaski,A102 Saline 11,"Harold ""Hal"" Rogers ",U.S. House,5,REP,534,,
Pulaski,A102 Saline 11,Kenneth S Stepp,U.S. House,5,DEM ,94,,
Pulaski,A102 Saline 11,Billy Ray Wilson ,U.S. House,5,W,0,,
Pulaski,A102 Saline 11,David Meade,State Representative,80,REP,496,,
Pulaski,A103 Nancy 15,,Ballots Cast,,DEM ,771,,
Pulaski,A103 Nancy 15,,Registered Voters,,REP,1522,,
Pulaski,A103 Nancy 15,,Straight Party,,REP,198,,
Pulaski,A103 Nancy 15,,Straight Party,,DEM ,19,,
Pulaski,A103 Nancy 15,"Harold ""Hal"" Rogers ",U.S. House,5,REP,640,,
Pulaski,A103 Nancy 15,Kenneth S Stepp,U.S. House,5,DEM ,98,,
Pulaski,A103 Nancy 15,Billy Ray Wilson ,U.S. House,5,W,0,,
Pulaski,A103 Nancy 15,Jeff Hoover,State Representative,83,REP,598,,
Pulaski,A104 Harrison 17,,Ballots Cast,,DEM ,212,,
Pulaski,A104 Harrison 17,,Registered Voters,,REP,481,,
Pulaski,A104 Harrison 17,,Straight Party,,REP,61,,
Pulaski,A104 Harrison 17,,Straight Party,,DEM ,2,,
Pulaski,A104 Harrison 17,"Harold ""Hal"" Rogers ",U.S. House,5,REP,181,,
Pulaski,A104 Harrison 17,Kenneth S Stepp,U.S. House,5,DEM ,18,,
Pulaski,A104 Harrison 17,Billy Ray Wilson ,U.S. House,5,W,0,,
Pulaski,A104 Harrison 17,Jeff Hoover,State Representative,83,REP,160,,
Pulaski,A105 Som 3B Courthouse,,Ballots Cast,,DEM ,178,,
Pulaski,A105 Som 3B Courthouse,,Registered Voters,,REP,557,,
Pulaski,A105 Som 3B Courthouse,,Straight Party,,REP,45,,
Pulaski,A105 Som 3B Courthouse,,Straight Party,,DEM ,11,,
Pulaski,A105 Som 3B Courthouse,"Harold ""Hal"" Rogers ",U.S. House,5,REP,131,,
Pulaski,A105 Som 3B Courthouse,Kenneth S Stepp,U.S. House,5,DEM ,43,,
Pulaski,A105 Som 3B Courthouse,Billy Ray Wilson ,U.S. House,5,W,0,,
Pulaski,A105 Som 3B Courthouse,David Meade,State Representative,80,REP,125,,
Pulaski,A106 FireBrooke 11F,,Ballots Cast,,DEM ,1111,,
Pulaski,A106 FireBrooke 11F,,Registered Voters,,REP,2334,,
Pulaski,A106 FireBrooke 11F,,Straight Party,,REP,332,,
Pulaski,A106 FireBrooke 11F,,Straight Party,,DEM ,65,,
Pulaski,A106 FireBrooke 11F,"Harold ""Hal"" Rogers ",U.S. House,5,REP,912,,
Pulaski,A106 FireBrooke 11F,Kenneth S Stepp,U.S. House,5,DEM ,168,,
Pulaski,A106 FireBrooke 11F,Billy Ray Wilson ,U.S. House,5,W,0,,
Pulaski,A106 FireBrooke 11F,Jeff Hoover,State Representative,83,REP,860,,
Pulaski,A108 Oak Hill 11,,Ballots Cast,,DEM ,834,,
Pulaski,A108 Oak Hill 11,,Registered Voters,,REP,2028,,
Pulaski,A108 Oak Hill 11,,Straight Party,,REP,245,,
Pulaski,A108 Oak Hill 11,,Straight Party,,DEM ,36,,
Pulaski,A108 Oak Hill 11,"Harold ""Hal"" Rogers ",U.S. House,5,REP,685,,
Pulaski,A108 Oak Hill 11,Kenneth S Stepp,U.S. House,5,DEM ,124,,
Pulaski,A108 Oak Hill 11,Billy Ray Wilson ,U.S. House,5,W,1,,
Pulaski,A108 Oak Hill 11,Jeff Hoover,State Representative,83,REP,643,,
Pulaski,A110-Okolona 16,,Ballots Cast,,DEM ,255,,
Pulaski,A110-Okolona 16,,Registered Voters,,REP,549,,
Pulaski,A110-Okolona 16,,Straight Party,,REP,75,,
Pulaski,A110-Okolona 16,,Straight Party,,DEM ,14,,
Pulaski,A110-Okolona 16,"Harold ""Hal"" Rogers ",U.S. House,5,REP,197,,
Pulaski,A110-Okolona 16,Kenneth S Stepp,U.S. House,5,DEM ,44,,
Pulaski,A110-Okolona 16,Billy Ray Wilson ,U.S. House,5,W,0,,
Pulaski,A110-Okolona 16,Ken Upchurch ,State Representative,52,REP,200,,
Pulaski,A110-Okolona 16,Dean Sumpter,State Representative,52,DEM ,31,,
Pulaski,A111-Naomi East 44,,Ballots Cast,,DEM ,91,,
Pulaski,A111-Naomi East 44,,Registered Voters,,REP,215,,
Pulaski,A111-Naomi East 44,,Straight Party,,REP,36,,
Pulaski,A111-Naomi East 44,,Straight Party,,DEM ,5,,
Pulaski,A111-Naomi East 44,"Harold ""Hal"" Rogers ",U.S. House,5,REP,71,,
Pulaski,A111-Naomi East 44,Kenneth S Stepp,U.S. House,5,DEM ,16,,
Pulaski,A111-Naomi East 44,Billy Ray Wilson ,U.S. House,5,W,0,,
Pulaski,A111-Naomi East 44,Ken Upchurch ,State Representative,52,REP,75,,
Pulaski,A111-Naomi East 44,Dean Sumpter,State Representative,52,DEM ,14,,
Pulaski,A112-Naomi West 44,,Ballots Cast,,DEM ,178,,
Pulaski,A112-Naomi West 44,,Registered Voters,,REP,335,,
Pulaski,A112-Naomi West 44,,Straight Party,,REP,34,,
Pulaski,A112-Naomi West 44,,Straight Party,,DEM ,8,,
Pulaski,A112-Naomi West 44,Kenneth S Stepp,U.S. House,5,DEM ,138,,
Pulaski,A112-Naomi West 44,Billy Ray Wilson ,U.S. House,5,W,32,,
Pulaski,A112-Naomi West 44,Ken Upchurch ,State Representative,52,REP,0,,
Pulaski,A112-Naomi West 44,Jeff Hoover,State Representative,83,REP,134,,
Pulaski,B101 Girdler-12,,Ballots Cast,,DEM ,245,,
Pulaski,B101 Girdler-12,,Registered Voters,,REP,659,,
Pulaski,B101 Girdler-12,,Straight Party,,REP,84,,
Pulaski,B101 Girdler-12,,Straight Party,,DEM ,13,,
Pulaski,B101 Girdler-12,"Harold ""Hal"" Rogers ",U.S. House,5,REP,206,,
Pulaski,B101 Girdler-12,Kenneth S Stepp,U.S. House,5,DEM ,35,,
Pulaski,B101 Girdler-12,Billy Ray Wilson ,U.S. House,5,W,0,,
Pulaski,B101 Girdler-12,David Meade,State Representative,80,REP,211,,
Pulaski,B102 Hickory Nut 19,,Ballots Cast,,DEM ,137,,
Pulaski,B102 Hickory Nut 19,,Registered Voters,,REP,277,,
Pulaski,B102 Hickory Nut 19,,Straight Party,,REP,35,,
Pulaski,B102 Hickory Nut 19,,Straight Party,,DEM ,2,,
Pulaski,B102 Hickory Nut 19,"Harold ""Hal"" Rogers ",U.S. House,5,REP,116,,
Pulaski,B102 Hickory Nut 19,Kenneth S Stepp,U.S. House,5,DEM ,10,,
Pulaski,B102 Hickory Nut 19,Billy Ray Wilson ,U.S. House,5,W,0,,
Pulaski,B102 Hickory Nut 19,Jeff Hoover,State Representative,83,REP,108,,
Pulaski,B103 Ansel 21,,Ballots Cast,,DEM ,206,,
Pulaski,B103 Ansel 21,,Registered Voters,,REP,488,,
Pulaski,B103 Ansel 21,,Straight Party,,REP,72,,
Pulaski,B103 Ansel 21,,Straight Party,,DEM ,6,,
Pulaski,B103 Ansel 21,"Harold ""Hal"" Rogers ",U.S. House,5,REP,178,,
Pulaski,B103 Ansel 21,Kenneth S Stepp,U.S. House,5,DEM ,21,,
Pulaski,B103 Ansel 21,Billy Ray Wilson ,U.S. House,5,W,0,,
Pulaski,B103 Ansel 21,David Meade,State Representative,80,REP,163,,
Pulaski,B104 Science Hill City 22,,Ballots Cast,,DEM ,258,,
Pulaski,B104 Science Hill City 22,,Registered Voters,,REP,531,,
Pulaski,B104 Science Hill City 22,,Straight Party,,REP,87,,
Pulaski,B104 Science Hill City 22,,Straight Party,,DEM ,11,,
Pulaski,B104 Science Hill City 22,"Harold ""Hal"" Rogers ",U.S. House,5,REP,210,,
Pulaski,B104 Science Hill City 22,Kenneth S Stepp,U.S. House,5,DEM ,40,,
Pulaski,B104 Science Hill City 22,Billy Ray Wilson ,U.S. House,5,W,0,,
Pulaski,B104 Science Hill City 22,Tommy Turner,State Representative,85,REP,196,,
Pulaski,B104 Science Hill City 22,Mona Hampton-Eldridge,State Representative,85,W,39,,
Pulaski,B105 Science Hill Co 23,,Ballots Cast,,DEM ,509,,
Pulaski,B105 Science Hill Co 23,,Registered Voters,,REP,1052,,
Pulaski,B105 Science Hill Co 23,,Straight Party,,REP,162,,
Pulaski,B105 Science Hill Co 23,,Straight Party,,DEM ,18,,
Pulaski,B105 Science Hill Co 23,"Harold ""Hal"" Rogers ",U.S. House,5,REP,447,,
Pulaski,B105 Science Hill Co 23,Kenneth S Stepp,U.S. House,5,DEM ,54,,
Pulaski,B105 Science Hill Co 23,Billy Ray Wilson ,U.S. House,5,W,0,,
Pulaski,B105 Science Hill Co 23,Tommy Turner,State Representative,85,REP,402,,
Pulaski,B105 Science Hill Co 23,Mona Hampton-Eldridge,State Representative,85,W,56,,
Pulaski,B106 Buncombe 24,,Ballots Cast,,DEM ,361,,
Pulaski,B106 Buncombe 24,,Registered Voters,,REP,898,,
Pulaski,B106 Buncombe 24,,Straight Party,,REP,116,,
Pulaski,B106 Buncombe 24,,Straight Party,,DEM ,15,,
Pulaski,B106 Buncombe 24,"Harold ""Hal"" Rogers ",U.S. House,5,REP,302,,
Pulaski,B106 Buncombe 24,Kenneth S Stepp,U.S. House,5,DEM ,46,,
Pulaski,B106 Buncombe 24,Billy Ray Wilson ,U.S. House,5,W,0,,
Pulaski,B106 Buncombe 24,David Meade,State Representative,80,REP,269,,
Pulaski,B107 Som 1 Courthouse,,Ballots Cast,,DEM ,283,,
Pulaski,B107 Som 1 Courthouse,,Registered Voters,,REP,663,,
Pulaski,B107 Som 1 Courthouse,,Straight Party,,REP,64,,
Pulaski,B107 Som 1 Courthouse,,Straight Party,,DEM ,23,,
Pulaski,B107 Som 1 Courthouse,"Harold ""Hal"" Rogers ",U.S. House,5,REP,201,,
Pulaski,B107 Som 1 Courthouse,Kenneth S Stepp,U.S. House,5,DEM ,78,,
Pulaski,B107 Som 1 Courthouse,Billy Ray Wilson ,U.S. House,5,W,0,,
Pulaski,B107 Som 1 Courthouse,David Meade,State Representative,80,REP,196,,
Pulaski,B108 Som 3A Huffaker,,Ballots Cast,,DEM ,296,,
Pulaski,B108 Som 3A Huffaker,,Registered Voters,,REP,642,,
Pulaski,B108 Som 3A Huffaker,,Straight Party,,REP,72,,
Pulaski,B108 Som 3A Huffaker,,Straight Party,,DEM ,14,,
Pulaski,B108 Som 3A Huffaker,"Harold ""Hal"" Rogers ",U.S. House,5,REP,235,,
Pulaski,B108 Som 3A Huffaker,Kenneth S Stepp,U.S. House,5,DEM ,44,,
Pulaski,B108 Som 3A Huffaker,Billy Ray Wilson ,U.S. House,5,W,0,,
Pulaski,B108 Som 3A Huffaker,David Meade,State Representative,80,REP,200,,
Pulaski,B109 Mt Zion 47,,Ballots Cast,,DEM ,293,,
Pulaski,B109 Mt Zion 47,,Registered Voters,,REP,728,,
Pulaski,B109 Mt Zion 47,,Straight Party,,REP,112,,
Pulaski,B109 Mt Zion 47,,Straight Party,,DEM ,8,,
Pulaski,B109 Mt Zion 47,"Harold ""Hal"" Rogers ",U.S. House,5,REP,257,,
Pulaski,B109 Mt Zion 47,Kenneth S Stepp,U.S. House,5,DEM ,29,,
Pulaski,B109 Mt Zion 47,Billy Ray Wilson ,U.S. House,5,W,0,,
Pulaski,B109 Mt Zion 47,David Meade,State Representative,80,REP,237,,
Pulaski,B110 Eubank 25,,Ballots Cast,,DEM ,576,,
Pulaski,B110 Eubank 25,,Registered Voters,,REP,1245,,
Pulaski,B110 Eubank 25,,Straight Party,,REP,220,,
Pulaski,B110 Eubank 25,,Straight Party,,DEM ,26,,
Pulaski,B110 Eubank 25,"Harold ""Hal"" Rogers ",U.S. House,5,REP,490,,
Pulaski,B110 Eubank 25,Kenneth S Stepp,U.S. House,5,DEM ,70,,
Pulaski,B110 Eubank 25,Billy Ray Wilson ,U.S. House,5,W,0,,
Pulaski,B110 Eubank 25,David Meade,State Representative,80,REP,473,,
Pulaski,B111 Estesburg 26,,Ballots Cast,,DEM ,257,,
Pulaski,B111 Estesburg 26,,Registered Voters,,REP,648,,
Pulaski,B111 Estesburg 26,,Straight Party,,REP,82,,
Pulaski,B111 Estesburg 26,,Straight Party,,DEM ,15,,
Pulaski,B111 Estesburg 26,"Harold ""Hal"" Rogers ",U.S. House,5,REP,209,,
Pulaski,B111 Estesburg 26,Kenneth S Stepp,U.S. House,5,DEM ,38,,
Pulaski,B111 Estesburg 26,Billy Ray Wilson ,U.S. House,5,W,0,,
Pulaski,B111 Estesburg 26,David Meade,State Representative,80,REP,193,,
Pulaski,B112 Fall Branch 18,,Ballots Cast,,DEM ,330,,
Pulaski,B112 Fall Branch 18,,Registered Voters,,REP,667,,
Pulaski,B112 Fall Branch 18,,Straight Party,,REP,86,,
Pulaski,B112 Fall Branch 18,,Straight Party,,DEM ,9,,
Pulaski,B112 Fall Branch 18,"Harold ""Hal"" Rogers ",U.S. House,5,REP,275,,
Pulaski,B112 Fall Branch 18,Kenneth S Stepp,U.S. House,5,DEM ,39,,
Pulaski,B112 Fall Branch 18,Billy Ray Wilson ,U.S. House,5,W,0,,
Pulaski,B112 Fall Branch 18,Jeff Hoover,State Representative,83,REP,267,,
Pulaski,B113 Norwood 42,,Ballots Cast,,DEM ,144,,
Pulaski,B113 Norwood 42,,Registered Voters,,REP,386,,
Pulaski,B113 Norwood 42,,Straight Party,,REP,53,,
Pulaski,B113 Norwood 42,,Straight Party,,DEM ,6,,
Pulaski,B113 Norwood 42,"Harold ""Hal"" Rogers ",U.S. House,5,REP,123,,
Pulaski,B113 Norwood 42,Kenneth S Stepp,U.S. House,5,DEM ,18,,
Pulaski,B113 Norwood 42,Billy Ray Wilson ,U.S. House,5,W,0,,
Pulaski,B113 Norwood 42,Tommy Turner,State Representative,85,REP,110,,
Pulaski,B113 Norwood 42,Mona Hampton-Eldridge,State Representative,85,W,21,,
Pulaski,C101 Som 2 City Hal,,Ballots Cast,,DEM ,195,,
Pulaski,C101 Som 2 City Hal,,Registered Voters,,REP,406,,
Pulaski,C101 Som 2 City Hal,,Straight Party,,REP,35,,
Pulaski,C101 Som 2 City Hal,,Straight Party,,DEM ,8,,
Pulaski,C101 Som 2 City Hal,"Harold ""Hal"" Rogers ",U.S. House,5,REP,147,,
Pulaski,C101 Som 2 City Hal,Kenneth S Stepp,U.S. House,5,DEM ,44,,
Pulaski,C101 Som 2 City Hal,Billy Ray Wilson ,U.S. House,5,W,0,,
Pulaski,C101 Som 2 City Hal,David Meade,State Representative,80,REP,136,,
Pulaski,C102 Caney Fork 13,,Ballots Cast,,DEM ,727,,
Pulaski,C102 Caney Fork 13,,Registered Voters,,REP,1368,,
Pulaski,C102 Caney Fork 13,,Straight Party,,REP,189,,
Pulaski,C102 Caney Fork 13,,Straight Party,,DEM ,24,,
Pulaski,C102 Caney Fork 13,"Harold ""Hal"" Rogers ",U.S. House,5,REP,597,,
Pulaski,C102 Caney Fork 13,Kenneth S Stepp,U.S. House,5,DEM ,98,,
Pulaski,C102 Caney Fork 13,Billy Ray Wilson ,U.S. House,5,W,0,,
Pulaski,C102 Caney Fork 13,Tommy Turner,State Representative,85,REP,511,,
Pulaski,C102 Caney Fork 13,Mona Hampton-Eldridge,State Representative,85,W,111,,
Pulaski,C103 Som 4A Rocky Hollow,,Ballots Cast,,DEM ,530,,
Pulaski,C103 Som 4A Rocky Hollow,,Registered Voters,,REP,1087,,
Pulaski,C103 Som 4A Rocky Hollow,,Straight Party,,REP,120,,
Pulaski,C103 Som 4A Rocky Hollow,,Straight Party,,DEM ,56,,
Pulaski,C103 Som 4A Rocky Hollow,"Harold ""Hal"" Rogers ",U.S. House,5,REP,382,,
Pulaski,C103 Som 4A Rocky Hollow,Kenneth S Stepp,U.S. House,5,DEM ,132,,
Pulaski,C103 Som 4A Rocky Hollow,Billy Ray Wilson ,U.S. House,5,W,0,,
Pulaski,C103 Som 4A Rocky Hollow,David Meade,State Representative,80,REP,382,,
Pulaski,C104 Som 4B Meece Middle,,Ballots Cast,,DEM ,767,,
Pulaski,C104 Som 4B Meece Middle,,Registered Voters,,REP,1511,,
Pulaski,C104 Som 4B Meece Middle,,Straight Party,,REP,140,,
Pulaski,C104 Som 4B Meece Middle,,Straight Party,,DEM ,32,,
Pulaski,C104 Som 4B Meece Middle,"Harold ""Hal"" Rogers ",U.S. House,5,REP,610,,
Pulaski,C104 Som 4B Meece Middle,Kenneth S Stepp,U.S. House,5,DEM ,129,,
Pulaski,C104 Som 4B Meece Middle,Billy Ray Wilson ,U.S. House,5,W,0,,
Pulaski,C104 Som 4B Meece Middle,David Meade,State Representative,80,REP,538,,
Pulaski,C105 Price 27,,Ballots Cast,,DEM ,696,,
Pulaski,C105 Price 27,,Registered Voters,,REP,1495,,
Pulaski,C105 Price 27,,Straight Party,,REP,223,,
Pulaski,C105 Price 27,,Straight Party,,DEM ,23,,
Pulaski,C105 Price 27,"Harold ""Hal"" Rogers ",U.S. House,5,REP,591,,
Pulaski,C105 Price 27,Kenneth S Stepp,U.S. House,5,DEM ,87,,
Pulaski,C105 Price 27,Billy Ray Wilson ,U.S. House,5,W,0,,
Pulaski,C105 Price 27,Tommy Turner,State Representative,85,REP,530,,
Pulaski,C105 Price 27,Mona Hampton-Eldridge,State Representative,85,W,94,,
Pulaski,C106 Goodhope-Hazeldell 28,,Ballots Cast,,DEM ,613,,
Pulaski,C106 Goodhope-Hazeldell 28,,Registered Voters,,REP,1270,,
Pulaski,C106 Goodhope-Hazeldell 28,,Straight Party,,REP,241,,
Pulaski,C106 Goodhope-Hazeldell 28,,Straight Party,,DEM ,32,,
Pulaski,C106 Goodhope-Hazeldell 28,"Harold ""Hal"" Rogers ",U.S. House,5,REP,512,,
Pulaski,C106 Goodhope-Hazeldell 28,Kenneth S Stepp,U.S. House,5,DEM ,74,,
Pulaski,C106 Goodhope-Hazeldell 28,Billy Ray Wilson ,U.S. House,5,W,0,,
Pulaski,C106 Goodhope-Hazeldell 28,Tommy Turner,State Representative,85,REP,488,,
Pulaski,C106 Goodhope-Hazeldell 28,Mona Hampton-Eldridge,State Representative,85,W,55,,
Pulaski,C110 Vaught 43,,Ballots Cast,,DEM ,769,,
Pulaski,C110 Vaught 43,,Registered Voters,,REP,1573,,
Pulaski,C110 Vaught 43,,Straight Party,,REP,217,,
Pulaski,C110 Vaught 43,,Straight Party,,DEM ,31,,
Pulaski,C110 Vaught 43,"Harold ""Hal"" Rogers ",U.S. House,5,REP,639,,
Pulaski,C110 Vaught 43,Kenneth S Stepp,U.S. House,5,DEM ,104,,
Pulaski,C110 Vaught 43,Billy Ray Wilson ,U.S. House,5,W,1,,
Pulaski,C110 Vaught 43,Tommy Turner,State Representative,85,REP,589,,
Pulaski,C110 Vaught 43,Mona Hampton-Eldridge,State Representative,85,W,116,,
Pulaski,C111 Catron 31,,Ballots Cast,,DEM ,225,,
Pulaski,C111 Catron 31,,Registered Voters,,REP,439,,
Pulaski,C111 Catron 31,,Straight Party,,REP,71,,
Pulaski,C111 Catron 31,,Straight Party,,DEM ,9,,
Pulaski,C111 Catron 31,"Harold ""Hal"" Rogers ",U.S. House,5,REP,190,,
Pulaski,C111 Catron 31,Kenneth S Stepp,U.S. House,5,DEM ,31,,
Pulaski,C111 Catron 31,Billy Ray Wilson ,U.S. House,5,W,0,,
Pulaski,C111 Catron 31,Tommy Turner,State Representative,85,REP,182,,
Pulaski,C111 Catron 31,Mona Hampton-Eldridge,State Representative,85,W,24,,
Pulaski,C112 Dallas 45,,Ballots Cast,,DEM ,116,,
Pulaski,C112 Dallas 45,,Registered Voters,,REP,247,,
Pulaski,C112 Dallas 45,,Straight Party,,REP,43,,
Pulaski,C112 Dallas 45,,Straight Party,,DEM ,3,,
Pulaski,C112 Dallas 45,"Harold ""Hal"" Rogers ",U.S. House,5,REP,103,,
Pulaski,C112 Dallas 45,Kenneth S Stepp,U.S. House,5,DEM ,11,,
Pulaski,C112 Dallas 45,Billy Ray Wilson ,U.S. House,5,W,0,,
Pulaski,C112 Dallas 45,Tommy Turner,State Representative,85,REP,101,,
Pulaski,C112 Dallas 45,Mona Hampton-Eldridge,State Representative,85,W,9,,
Pulaski,C113 Som 3C Saddlebrook,,Ballots Cast,,DEM ,81,,
Pulaski,C113 Som 3C Saddlebrook,,Registered Voters,,REP,140,,
Pulaski,C113 Som 3C Saddlebrook,,Straight Party,,REP,36,,
Pulaski,C113 Som 3C Saddlebrook,,Straight Party,,DEM ,3,,
Pulaski,C113 Som 3C Saddlebrook,"Harold ""Hal"" Rogers ",U.S. House,5,REP,68,,
Pulaski,C113 Som 3C Saddlebrook,Kenneth S Stepp,U.S. House,5,DEM ,10,,
Pulaski,C113 Som 3C Saddlebrook,Billy Ray Wilson ,U.S. House,5,W,0,,
Pulaski,C113 Som 3C Saddlebrook,Tommy Turner,State Representative,85,REP,61,,
Pulaski,C113 Som 3C Saddlebrook,Mona Hampton-Eldridge,State Representative,85,W,11,,
Pulaski,D101 Som 5A Memoria,,Ballots Cast,,DEM ,285,,
Pulaski,D101 Som 5A Memoria,,Registered Voters,,REP,739,,
Pulaski,D101 Som 5A Memoria,,Straight Party,,REP,75,,
Pulaski,D101 Som 5A Memoria,,Straight Party,,DEM ,31,,
Pulaski,D101 Som 5A Memoria,"Harold ""Hal"" Rogers ",U.S. House,5,REP,211,,
Pulaski,D101 Som 5A Memoria,Kenneth S Stepp,U.S. House,5,DEM ,64,,
Pulaski,D101 Som 5A Memoria,Billy Ray Wilson ,U.S. House,5,W,0,,
Pulaski,D101 Som 5A Memoria,David Meade,State Representative,80,REP,205,,
Pulaski,D102 Rush Branch 14,,Ballots Cast,,DEM ,211,,
Pulaski,D102 Rush Branch 14,,Registered Voters,,REP,487,,
Pulaski,D102 Rush Branch 14,,Straight Party,,REP,78,,
Pulaski,D102 Rush Branch 14,,Straight Party,,DEM ,15,,
Pulaski,D102 Rush Branch 14,"Harold ""Hal"" Rogers ",U.S. House,5,REP,181,,
Pulaski,D102 Rush Branch 14,Kenneth S Stepp,U.S. House,5,DEM ,27,,
Pulaski,D102 Rush Branch 14,Billy Ray Wilson ,U.S. House,5,W,0,,
Pulaski,D102 Rush Branch 14,Tommy Turner,State Representative,85,REP,172,,
Pulaski,D102 Rush Branch 14,Mona Hampton-Eldridge,State Representative,85,W,14,,
Pulaski,D103 Parker 9,,Ballots Cast,,DEM ,250,,
Pulaski,D103 Parker 9,,Registered Voters,,REP,610,,
Pulaski,D103 Parker 9,,Straight Party,,REP,90,,
Pulaski,D103 Parker 9,,Straight Party,,DEM ,15,,
Pulaski,D103 Parker 9,"Harold ""Hal"" Rogers ",U.S. House,5,REP,203,,
Pulaski,D103 Parker 9,Kenneth S Stepp,U.S. House,5,DEM ,38,,
Pulaski,D103 Parker 9,Billy Ray Wilson ,U.S. House,5,W,0,,
Pulaski,D103 Parker 9,Tommy Turner,State Representative,85,REP,188,,
Pulaski,D103 Parker 9,Mona Hampton-Eldridge,State Representative,85,W,32,,
Pulaski,D104 Mark 30,,Ballots Cast,,DEM ,403,,
Pulaski,D104 Mark 30,,Registered Voters,,REP,838,,
Pulaski,D104 Mark 30,,Straight Party,,REP,131,,
Pulaski,D104 Mark 30,,Straight Party,,DEM ,11,,
Pulaski,D104 Mark 30,"Harold ""Hal"" Rogers ",U.S. House,5,REP,345,,
Pulaski,D104 Mark 30,Kenneth S Stepp,U.S. House,5,DEM ,49,,
Pulaski,D104 Mark 30,Billy Ray Wilson ,U.S. House,5,W,0,,
Pulaski,D104 Mark 30,Tommy Turner,State Representative,85,REP,329,,
Pulaski,D104 Mark 30,Mona Hampton-Eldridge,State Representative,85,W,44,,
Pulaski,D105 Bourbon East 10E,,Ballots Cast,,DEM ,487,,
Pulaski,D105 Bourbon East 10E,,Registered Voters,,REP,1010,,
Pulaski,D105 Bourbon East 10E,,Straight Party,,REP,153,,
Pulaski,D105 Bourbon East 10E,,Straight Party,,DEM ,30,,
Pulaski,D105 Bourbon East 10E,"Harold ""Hal"" Rogers ",U.S. House,5,REP,386,,
Pulaski,D105 Bourbon East 10E,Kenneth S Stepp,U.S. House,5,DEM ,91,,
Pulaski,D105 Bourbon East 10E,Billy Ray Wilson ,U.S. House,5,W,0,,
Pulaski,D105 Bourbon East 10E,Tommy Turner,State Representative,85,REP,352,,
Pulaski,D105 Bourbon East 10E,Mona Hampton-Eldridge,State Representative,85,W,87,,
Pulaski,D106 Mayfield 32,,Ballots Cast,,DEM ,332,,
Pulaski,D106 Mayfield 32,,Registered Voters,,REP,804,,
Pulaski,D106 Mayfield 32,,Straight Party,,REP,137,,
Pulaski,D106 Mayfield 32,,Straight Party,,DEM ,9,,
Pulaski,D106 Mayfield 32,"Harold ""Hal"" Rogers ",U.S. House,5,REP,293,,
Pulaski,D106 Mayfield 32,Kenneth S Stepp,U.S. House,5,DEM ,29,,
Pulaski,D106 Mayfield 32,Billy Ray Wilson ,U.S. House,5,W,1,,
Pulaski,D106 Mayfield 32,Tommy Turner,State Representative,85,REP,292,,
Pulaski,D106 Mayfield 32,Mona Hampton-Eldridge,State Representative,85,W,21,,
Pulaski,D107 Mt Victory 33,,Ballots Cast,,DEM ,165,,
Pulaski,D107 Mt Victory 33,,Registered Voters,,REP,383,,
Pulaski,D107 Mt Victory 33,,Straight Party,,REP,53,,
Pulaski,D107 Mt Victory 33,,Straight Party,,DEM ,7,,
Pulaski,D107 Mt Victory 33,"Harold ""Hal"" Rogers ",U.S. House,5,REP,140,,
Pulaski,D107 Mt Victory 33,Kenneth S Stepp,U.S. House,5,DEM ,24,,
Pulaski,D107 Mt Victory 33,Billy Ray Wilson ,U.S. House,5,W,0,,
Pulaski,D107 Mt Victory 33,Tommy Turner,State Representative,85,REP,143,,
Pulaski,D107 Mt Victory 33,Mona Hampton-Eldridge,State Representative,85,W,10,,
Pulaski,D108 Ferguson 8,,Ballots Cast,,DEM ,268,,
Pulaski,D108 Ferguson 8,,Registered Voters,,REP,654,,
Pulaski,D108 Ferguson 8,,Straight Party,,REP,86,,
Pulaski,D108 Ferguson 8,,Straight Party,,DEM ,21,,
Pulaski,D108 Ferguson 8,"Harold ""Hal"" Rogers ",U.S. House,5,REP,217,,
Pulaski,D108 Ferguson 8,Kenneth S Stepp,U.S. House,5,DEM ,44,,
Pulaski,D108 Ferguson 8,Billy Ray Wilson ,U.S. House,5,W,0,,
Pulaski,D108 Ferguson 8,David Meade,State Representative,80,REP,210,,
Pulaski,D109 Colo 35,,Ballots Cast,,DEM ,335,,
Pulaski,D109 Colo 35,,Registered Voters,,REP,829,,
Pulaski,D109 Colo 35,,Straight Party,,REP,127,,
Pulaski,D109 Colo 35,,Straight Party,,DEM ,13,,
Pulaski,D109 Colo 35,"Harold ""Hal"" Rogers ",U.S. House,5,REP,282,,
Pulaski,D109 Colo 35,Kenneth S Stepp,U.S. House,5,DEM ,44,,
Pulaski,D109 Colo 35,Billy Ray Wilson ,U.S. House,5,W,0,,
Pulaski,D109 Colo 35,Tommy Turner,State Representative,85,REP,274,,
Pulaski,D109 Colo 35,Mona Hampton-Eldridge,State Representative,85,W,32,,
Pulaski,D110 Gilliland 40,,Ballots Cast,,DEM ,682,,
Pulaski,D110 Gilliland 40,,Registered Voters,,REP,1525,,
Pulaski,D110 Gilliland 40,,Straight Party,,REP,237,,
Pulaski,D110 Gilliland 40,,Straight Party,,DEM ,21,,
Pulaski,D110 Gilliland 40,"Harold ""Hal"" Rogers ",U.S. House,5,REP,569,,
Pulaski,D110 Gilliland 40,Kenneth S Stepp,U.S. House,5,DEM ,95,,
Pulaski,D110 Gilliland 40,Billy Ray Wilson ,U.S. House,5,W,0,,
Pulaski,D110 Gilliland 40,Tommy Turner,State Representative,85,REP,529,,
Pulaski,D110 Gilliland 40,Mona Hampton-Eldridge,State Representative,85,W,81,,
Pulaski,D111 Som 5C Mall,,Ballots Cast,,DEM ,225,,
Pulaski,D111 Som 5C Mall,,Registered Voters,,REP,599,,
Pulaski,D111 Som 5C Mall,,Straight Party,,REP,67,,
Pulaski,D111 Som 5C Mall,,Straight Party,,DEM ,20,,
Pulaski,D111 Som 5C Mall,"Harold ""Hal"" Rogers ",U.S. House,5,REP,179,,
Pulaski,D111 Som 5C Mall,Kenneth S Stepp,U.S. House,5,DEM ,39,,
Pulaski,D111 Som 5C Mall,Billy Ray Wilson ,U.S. House,5,W,0,,
Pulaski,D111 Som 5C Mall,Tommy Turner,State Representative,85,REP,155,,
Pulaski,D111 Som 5C Mall,Mona Hampton-Eldridge,State Representative,85,W,35,,
Pulaski,D113 Som 5E Grand Central,,Ballots Cast,,DEM ,141,,
Pulaski,D113 Som 5E Grand Central,,Registered Voters,,REP,375,,
Pulaski,D113 Som 5E Grand Central,,Straight Party,,REP,37,,
Pulaski,D113 Som 5E Grand Central,,Straight Party,,DEM ,14,,
Pulaski,D113 Som 5E Grand Central,"Harold ""Hal"" Rogers ",U.S. House,5,REP,112,,
Pulaski,D113 Som 5E Grand Central,Kenneth S Stepp,U.S. House,5,DEM ,26,,
Pulaski,D113 Som 5E Grand Central,Billy Ray Wilson ,U.S. House,5,W,0,,
Pulaski,D113 Som 5E Grand Central,David Meade,State Representative,80,REP,104,,
Pulaski,D115 Som 6 South End,,Ballots Cast,,DEM ,201,,
Pulaski,D115 Som 6 South End,,Registered Voters,,REP,631,,
Pulaski,D115 Som 6 South End,,Straight Party,,REP,53,,
Pulaski,D115 Som 6 South End,,Straight Party,,DEM ,19,,
Pulaski,D115 Som 6 South End,"Harold ""Hal"" Rogers ",U.S. House,5,REP,149,,
Pulaski,D115 Som 6 South End,Kenneth S Stepp,U.S. House,5,DEM ,46,,
Pulaski,D115 Som 6 South End,Billy Ray Wilson ,U.S. House,5,W,0,,
Pulaski,D115 Som 6 South End,David Meade,State Representative,80,REP,144,,
Pulaski,E101 Burnside City 36,,Ballots Cast,,DEM ,247,,
Pulaski,E101 Burnside City 36,,Registered Voters,,REP,510,,
Pulaski,E101 Burnside City 36,,Straight Party,,REP,80,,
Pulaski,E101 Burnside City 36,,Straight Party,,DEM ,14,,
Pulaski,E101 Burnside City 36,"Harold ""Hal"" Rogers ",U.S. House,5,REP,191,,
Pulaski,E101 Burnside City 36,Kenneth S Stepp,U.S. House,5,DEM ,41,,
Pulaski,E101 Burnside City 36,Billy Ray Wilson ,U.S. House,5,W,0,,
Pulaski,E101 Burnside City 36,Tommy Turner,State Representative,85,REP,171,,
Pulaski,E101 Burnside City 36,Mona Hampton-Eldridge,State Representative,85,W,39,,
Pulaski,E103 Burnside County 36A,,Ballots Cast,,DEM ,782,,
Pulaski,E103 Burnside County 36A,,Registered Voters,,REP,1985,,
Pulaski,E103 Burnside County 36A,,Straight Party,,REP,252,,
Pulaski,E103 Burnside County 36A,,Straight Party,,DEM ,41,,
Pulaski,E103 Burnside County 36A,"Harold ""Hal"" Rogers ",U.S. House,5,REP,651,,
Pulaski,E103 Burnside County 36A,Kenneth S Stepp,U.S. House,5,DEM ,112,,
Pulaski,E103 Burnside County 36A,Billy Ray Wilson ,U.S. House,5,W,0,,
Pulaski,E103 Burnside County 36A,Ken Upchurch ,State Representative,52,REP,611,,
Pulaski,E103 Burnside County 36A,Dean Sumpter,State Representative,52,DEM ,133,,
Pulaski,E104 East Burnside County 36E,,Ballots Cast,,DEM ,351,,
Pulaski,E104 East Burnside County 36E,,Registered Voters,,REP,1189,,
Pulaski,E104 East Burnside County 36E,,Straight Party,,REP,117,,
Pulaski,E104 East Burnside County 36E,,Straight Party,,DEM ,48,,
Pulaski,E104 East Burnside County 36E,"Harold ""Hal"" Rogers ",U.S. House,5,REP,259,,
Pulaski,E104 East Burnside County 36E,Kenneth S Stepp,U.S. House,5,DEM ,84,,
Pulaski,E104 East Burnside County 36E,Billy Ray Wilson ,U.S. House,5,W,0,,
Pulaski,E104 East Burnside County 36E,Tommy Turner,State Representative,85,REP,253,,
Pulaski,E104 East Burnside County 36E,Mona Hampton-Eldridge,State Representative,85,W,48,,
Pulaski,E105 Bourbon West 10W,,Ballots Cast,,DEM ,612,,
Pulaski,E105 Bourbon West 10W,,Registered Voters,,REP,1446,,
Pulaski,E105 Bourbon West 10W,,Straight Party,,REP,173,,
Pulaski,E105 Bourbon West 10W,,Straight Party,,DEM ,45,,
Pulaski,E105 Bourbon West 10W,"Harold ""Hal"" Rogers ",U.S. House,5,REP,498,,
Pulaski,E105 Bourbon West 10W,Kenneth S Stepp,U.S. House,5,DEM ,98,,
Pulaski,E105 Bourbon West 10W,Billy Ray Wilson ,U.S. House,5,W,0,,
Pulaski,E105 Bourbon West 10W,Ken Upchurch ,State Representative,52,REP,463,,
Pulaski,E105 Bourbon West 10W,Dean Sumpter,State Representative,52,DEM ,129,,
Pulaski,E107 West Burnside Co 36W,,Ballots Cast,,DEM ,116,,
Pulaski,E107 West Burnside Co 36W,,Registered Voters,,REP,267,,
Pulaski,E107 West Burnside Co 36W,,Straight Party,,REP,41,,
Pulaski,E107 West Burnside Co 36W,,Straight Party,,DEM ,4,,
Pulaski,E107 West Burnside Co 36W,"Harold ""Hal"" Rogers ",U.S. House,5,REP,97,,
Pulaski,E107 West Burnside Co 36W,Kenneth S Stepp,U.S. House,5,DEM ,17,,
Pulaski,E107 West Burnside Co 36W,Billy Ray Wilson ,U.S. House,5,W,0,,
Pulaski,E107 West Burnside Co 36W,Ken Upchurch ,State Representative,52,REP,93,,
Pulaski,E107 West Burnside Co 36W,Dean Sumpter,State Representative,52,DEM ,21,,
Pulaski,E108 Gamblin 37,,Ballots Cast,,DEM ,461,,
Pulaski,E108 Gamblin 37,,Registered Voters,,REP,1433,,
Pulaski,E108 Gamblin 37,,Straight Party,,REP,185,,
Pulaski,E108 Gamblin 37,,Straight Party,,DEM ,31,,
Pulaski,E108 Gamblin 37,"Harold ""Hal"" Rogers ",U.S. House,5,REP,377,,
Pulaski,E108 Gamblin 37,Kenneth S Stepp,U.S. House,5,DEM ,68,,
Pulaski,E108 Gamblin 37,Billy Ray Wilson ,U.S. House,5,W,0,,
Pulaski,E108 Gamblin 37,Tommy Turner,State Representative,85,REP,354,,
Pulaski,E108 Gamblin 37,Mona Hampton-Eldridge,State Representative,85,W,39,,
Pulaski,E109 Bronston North 38,,Ballots Cast,,DEM ,222,,
Pulaski,E109 Bronston North 38,,Registered Voters,,REP,609,,
Pulaski,E109 Bronston North 38,,Straight Party,,REP,89,,
Pulaski,E109 Bronston North 38,,Straight Party,,DEM ,12,,
Pulaski,E109 Bronston North 38,"Harold ""Hal"" Rogers ",U.S. House,5,REP,187,,
Pulaski,E109 Bronston North 38,Kenneth S Stepp,U.S. House,5,DEM ,32,,
Pulaski,E109 Bronston North 38,Billy Ray Wilson ,U.S. House,5,W,0,,
Pulaski,E109 Bronston North 38,Ken Upchurch ,State Representative,52,REP,181,,
Pulaski,E109 Bronston North 38,Dean Sumpter,State Representative,52,DEM ,32,,
Pulaski,E110 Som 5D Neighborhood,,Ballots Cast,,DEM ,128,,
Pulaski,E110 Som 5D Neighborhood,,Registered Voters,,REP,287,,
Pulaski,E110 Som 5D Neighborhood,,Straight Party,,REP,32,,
Pulaski,E110 Som 5D Neighborhood,,Straight Party,,DEM ,18,,
Pulaski,E110 Som 5D Neighborhood,"Harold ""Hal"" Rogers ",U.S. House,5,REP,95,,
Pulaski,E110 Som 5D Neighborhood,Kenneth S Stepp,U.S. House,5,DEM ,31,,
Pulaski,E110 Som 5D Neighborhood,Billy Ray Wilson ,U.S. House,5,W,0,,
Pulaski,E110 Som 5D Neighborhood,Ken Upchurch ,State Representative,52,REP,85,,
Pulaski,E110 Som 5D Neighborhood,Dean Sumpter,State Representative,52,DEM ,35,,
Pulaski,E111 Bronston South 38,,Ballots Cast,,DEM ,608,,
Pulaski,E111 Bronston South 38,,Registered Voters,,REP,1544,,
Pulaski,E111 Bronston South 38,,Straight Party,,REP,209,,
Pulaski,E111 Bronston South 38,,Straight Party,,DEM ,48,,
Pulaski,E111 Bronston South 38,"Harold ""Hal"" Rogers ",U.S. House,5,REP,471,,
Pulaski,E111 Bronston South 38,Kenneth S Stepp,U.S. House,5,DEM ,124,,
Pulaski,E111 Bronston South 38,Billy Ray Wilson ,U.S. House,5,W,0,,
Pulaski,E111 Bronston South 38,Tommy Turner,State Representative,85,REP,431,,
Pulaski,E111 Bronston South 38,Mona Hampton-Eldridge,State Representative,85,W,71,,
Pulaski,E112 Sloans Valley 39,,Ballots Cast,,DEM ,250,,
Pulaski,E112 Sloans Valley 39,,Registered Voters,,REP,659,,
Pulaski,E112 Sloans Valley 39,,Straight Party,,REP,93,,
Pulaski,E112 Sloans Valley 39,,Straight Party,,DEM ,21,,
Pulaski,E112 Sloans Valley 39,"Harold ""Hal"" Rogers ",U.S. House,5,REP,206,,
Pulaski,E112 Sloans Valley 39,Kenneth S Stepp,U.S. House,5,DEM ,40,,
Pulaski,E112 Sloans Valley 39,Billy Ray Wilson ,U.S. House,5,W,0,,
Pulaski,E112 Sloans Valley 39,Tommy Turner,State Representative,85,REP,191,,
Pulaski,E112 Sloans Valley 39,Mona Hampton-Eldridge,State Representative,85,W,18,,